Workbook

Sheet Perfume
D1: =SUM(D5:D21) -> 0 | F1: =SUM(F5:F21) -> 0 | H1: =SUM(H5:H21) -> 0 | J1: =SUM(J5:J21) -> 0 | L1: =SUM(L5:L21) -> 0 | N1: =SUM(N5:N21) -> 0 | P1: =SUM(P5:P21) -> 0 | R1: =SUM(R5:R21) -> 0 | T1: =SUM(T5:T21) -> 0 | V1: =SUM(V5:V21) -> 0 | X1: =SUM(X5:X21) -> 0 | Z1: =SUM(Z5:Z21) -> 0 | AB1: =SUM(AB5:AB21) -> 0 | AD1: =SUM(AD5:AD21) -> 0 | AF1: =SUM(AF5:AF21) -> 1065 | AH1: =SUM(AH5:AH21) -> 383 | AJ1: =SUM(AJ5:AJ21) -> 436 | AL1: =SUM(AL5:AL21) -> 436 | AN1: =SUM(AN5:AN21) -> 0 | AP1: =SUM(AP5:AP21) -> 0 | AR1: =SUM(AR5:AR21) -> 0 | AT1: =SUM(AT5:AT21) -> 0 | AV1: =SUM(AV5:AV21) -> 0 | AX1: =SUM(AX5:AX21) -> 0 | AZ1: =SUM(AZ5:AZ21) -> 0 | BB1: =SUM(BB5:BB21) -> 0 | BD1: =SUM(BD5:BD21) -> 0 | BF1: =SUM(BF5:BF21) -> 0 | BH1: =SUM(BH5:BH21) -> 0 | BN1: =SUM(BN5:BN21) -> 2320
A2: Date | D2: 45809 | F2: 45810 | H2: 45811 | J2: 45812 | L2: 45813 | N2: 45814 | P2: 45815 | R2: 45816 | T2: 45817 | V2: 45818 | X2: 45819 | Z2: 45820 | AB2: 45821 | AD2: 45822 | AF2: 45823 | AH2: 45824 | AJ2: 45825 | AL2: 45826 | AN2: 45827 | AP2: 45828 | AR2: 45829 | AT2: 45830 | AV2: 45831 | AX2: 45832 | AZ2: 45833 | BB2: 45834 | BD2: 45835 | BF2: 45836 | BH2: 45837 | BJ2: 45838
A3: Shift | D3: sh1 | E3: sh2 | F3: sh1 | G3: sh2 | H3: sh1 | I3: sh2 | J3: sh1 | K3: sh2 | L3: sh1 | M3: sh2 | N3: sh1 | O3: sh2 | P3: sh1 | Q3: sh2 | R3: sh1 | S3: sh2 | T3: sh1 | U3: sh2 | V3: sh1 | W3: sh2 | X3: sh1 | Y3: sh2 | Z3: sh1 | AA3: sh2 | AB3: sh1 | AC3: sh2 | AD3: sh1 | AE3: sh2 | AF3: sh1 | AG3: sh2 | AH3: sh1 | AI3: sh2 | AJ3: sh1 | AK3: sh2 | AL3: sh1 | AM3: sh2 | AN3: sh1 | AO3: sh2 | AP3: sh1 | AQ3: sh2 | AR3: sh1 | AS3: sh2 | AT3: sh1 | AU3: sh2 | AV3: sh1 | AW3: sh2 | AX3: sh1 | AY3: sh2 | AZ3: sh1 | BA3: sh2 | BB3: sh1 | BC3: sh2 | BD3: sh1 | BE3: sh2 | BF3: sh1 | BG3: sh2 | BH3: sh1 | BI3: sh2 | BJ3: sh1 | BK3: sh2 | BL3: sh1 | BM3: sh2
A4: Item code | B4: Item description | C4: Rate | D4: الاحد | F4: الاتنين | H4: الثلاثاء | J4: الاربعاء | L4: الخميس | N4: الجمعة | P4: السبت | R4: الاحد | T4: الاثنين | V4: الثلاثاء | X4: الاربعاء | Z4: الخميس | AB4: الجمعة | AD4: السبت | AF4: الاحد | AH4: الاثنين | AJ4: الثلاثاء | AL4: الاربعاء | AN4: الخميس | AP4: الجمعة | AR4: السبت | AT4: الاحد | AV4: الاثنين | AX4: الثلاثاء | AZ4: الاربعاء | BB4: الخميس | BD4: الجمعة | BF4: السبت | BH4: الاحد | BJ4: الاثنين | BL4: الثلاثاء
A5: =VLOOKUP(B5,#REF!,2,FALSE) -> #REF! | B5: فيفلين بادي اسبلاش كب كيك جلازا 250 مل | C5: 10 | AF5: 408 | BN5: =SUM(D5:BM5) -> 408 | BO5: =COUNT(D5:BM5) -> 1
A6: =VLOOKUP(B6,#REF!,2,FALSE) -> #REF! | B6: فيفلين بادي سبلاش صن كيسد هوني 250 مل | C6: 10 | AF6: 657 | AH6: 383 | AJ6: 436 | AL6: 436 | BN6: =SUM(D6:BM6) -> 1912 | BO6: =COUNT(D6:BM6) -> 4
A7: =VLOOKUP(B7,#REF!,2,FALSE) -> #REF! | C7: 1 | BN7: =SUM(D7:BM7) -> 0 | BO7: =COUNT(D7:BM7) -> 0
A8: =VLOOKUP(B8,#REF!,2,FALSE) -> #REF! | C8: 1 | BN8: =SUM(D8:BM8) -> 0 | BO8: =COUNT(D8:BM8) -> 0
A9: =VLOOKUP(B9,#REF!,2,FALSE) -> #REF! | C9: 1 | BN9: =SUM(D9:BM9) -> 0 | BO9: =COUNT(D9:BM9) -> 0
A10: =VLOOKUP(B10,#REF!,2,FALSE) -> #REF! | C10: 1 | BN10: =SUM(D10:BM10) -> 0 | BO10: =COUNT(D10:BM10) -> 0
A11: =VLOOKUP(B11,#REF!,2,FALSE) -> #REF! | C11: 1 | BN11: =SUM(D11:BM11) -> 0 | BO11: =COUNT(D11:BM11) -> 0
A12: =VLOOKUP(B12,#REF!,2,FALSE) -> #REF! | C12: 1 | BN12: =SUM(D12:BM12) -> 0 | BO12: =COUNT(D12:BM12) -> 0
A13: =VLOOKUP(B13,#REF!,2,FALSE) -> #REF! | C13: 1 | BN13: =SUM(D13:BM13) -> 0 | BO13: =COUNT(D13:BM13) -> 0
A14: =VLOOKUP(B14,#REF!,2,FALSE) -> #REF! | C14: 1 | BN14: =SUM(D14:BM14) -> 0 | BO14: =COUNT(D14:BM14) -> 0
A15: =VLOOKUP(B15,#REF!,2,FALSE) -> #REF! | C15: 1 | BN15: =SUM(D15:BM15) -> 0 | BO15: =COUNT(D15:BM15) -> 0
A16: =VLOOKUP(B16,#REF!,2,FALSE) -> #REF! | C16: 1 | BN16: =SUM(D16:BM16) -> 0 | BO16: =COUNT(D16:BM16) -> 0
A17: =VLOOKUP(B17,#REF!,2,FALSE) -> #REF! | C17: 1 | BN17: =SUM(D17:BM17) -> 0 | BO17: =COUNT(D17:BM17) -> 0
A18: =VLOOKUP(B18,#REF!,2,FALSE) -> #REF! | C18: 1 | BN18: =SUM(D18:BM18) -> 0 | BO18: =COUNT(D18:BM18) -> 0
... A21: =VLOOKUP(B21,#REF!,2,FALSE) -> #REF! | C21: 1 | BN21: =SUM(D21:BM21) -> 0 | BO21: =COUNT(D21:BM21) -> 0
B22: التوالف | D22: =SUM(D23:D31) -> 0 | E22: =SUM(E23:E31) -> 0 | F22: =SUM(F23:F31) -> 0 | G22: =SUM(G23:G31) -> 0 | H22: =SUM(H23:H31) -> 0 | I22: =SUM(I23:I31) -> 0 | J22: =SUM(J23:J31) -> 0 | K22: =SUM(K23:K31) -> 0 | ... BM22: =SUM(BM23:BM31) -> 0 | BN22: =SUM(D22:BM22) -> 0 | BO22: =COUNT(D22:BM22) -> 62
B23: (مورد) | BN23: =SUM(D23:BM23) -> 0 | BO23: =COUNT(D23:BM23) -> 0
B24: عبوة | BN24: =SUM(D24:BM24) -> 0 | BO24: =COUNT(D24:BM24) -> 0
B25: غطاء | BN25: =SUM(D25:BM25) -> 0 | BO25: =COUNT(D25:BM25) -> 0
BN26: =SUM(D26:BM26) -> 0 | BO26: =COUNT(D26:BM26) -> 0
B27: (تشغيل) | BN27: =SUM(D27:BM27) -> 0 | BO27: =COUNT(D27:BM27) -> 0
B28: عبوة | BN28: =SUM(D28:BM28) -> 0 | BO28: =COUNT(D28:BM28) -> 0
B29: غطاء | BN29: =SUM(D29:BM29) -> 0 | BO29: =COUNT(D29:BM29) -> 0
B30: بامب | BN30: =SUM(D30:BM30) -> 0 | BO30: =COUNT(D30:BM30) -> 0
BN31: =SUM(D31:BM31) -> 0 | BO31: =COUNT(D31:BM31) -> 0
B32: Unplanned downtime | D32: =SUM(D33:D116) -> 0 | E32: =SUM(E33:E116) -> 0 | F32: =SUM(F33:F116) -> 0 | G32: =SUM(G33:G116) -> 0 | H32: =SUM(H33:H116) -> 0 | I32: =SUM(I33:I116) -> 0 | J32: =SUM(J33:J116) -> 0 | K32: =SUM(K33:K116) -> 0 | ... BM32: =SUM(BM33:BM116) -> 0 | BN32: =SUM(D32:BM32) -> 0 | BO32: =COUNT(D32:BM32) -> 62
A33: =SUM(BN34:BN52) -> 0 | B33: اعطال الصيانة | BN33: =SUM(D33:BM33) -> 0 | BO33: =COUNT(D33:BM33) -> 0
B34: مشكلة فى النزل | BN34: =SUM(D34:BM34) -> 0 | BO34: =COUNT(D34:BM34) -> 0
B35: مشكلة فى الكامة | BN35: =SUM(D35:BM35) -> 0 | BO35: =COUNT(D35:BM35) -> 0
B36: ضبط الميزان | BN36: =SUM(D36:BM36) -> 0 | BO36: =COUNT(D36:BM36) -> 0
B37: مشكلة فى المكبس | BN37: =SUM(D37:BM37) -> 0 | BO37: =COUNT(D37:BM37) -> 0
B38: تسريب الخامة من العبوات | BN38: =SUM(D38:BM38) -> 0 | BO38: =COUNT(D38:BM38) -> 0
B39: مشكة فى ضغط العبوات (اللحام) | BN39: =SUM(D39:BM39) -> 0 | BO39: =COUNT(D39:BM39) -> 0
B40: مشكلة فى السخانات | BN40: =SUM(D40:BM40) -> 0 | BO40: =COUNT(D40:BM40) -> 0
B41: ضبط الكاميرا | BN41: =SUM(D41:BM41) -> 0 | BO41: =COUNT(D41:BM41) -> 0
B42: تغيير حجم المنتج على الماكينة | BN42: =SUM(D42:BM42) -> 0 | BO42: =COUNT(D42:BM42) -> 0
B43: بلف هواء السخان | BN43: =SUM(D43:BM43) -> 0 | BO43: =COUNT(D43:BM43) -> 0
B44: مشكله في ضغط الهواء | BN44: =SUM(D44:BM44) -> 0 | BO44: =COUNT(D44:BM44) -> 0
B45: ضبط اعدادات الماكينة | BN45: =SUM(D45:BM45) -> 0 | BO45: =COUNT(D45:BM45) -> 0
... B56: ضبط نزل العبوات | BN56: =SUM(D56:BM56) -> 0 | BO56: =COUNT(D56:BM56) -> 0
BN57: =SUM(D57:BM57) -> 0 | BO57: =COUNT(D57:BM57) -> 0
BN58: =SUM(D58:BM58) -> 0 | BO58: =COUNT(D58:BM58) -> 0
BN59: =SUM(D59:BM59) -> 0 | BO59: =COUNT(D59:BM59) -> 0
BN60: =SUM(D60:BM60) -> 0 | BO60: =COUNT(D60:BM60) -> 0
BN61: =SUM(D61:BM61) -> 0 | BO61: =COUNT(D61:BM61) -> 0
A62: =SUM(BN68:BN94) -> 0 | B62: اعطال الانتاج | BN62: =SUM(D62:BM62) -> 0 | BO62: =COUNT(D62:BM62) -> 0
B63: مشكلة فى النزل | BN63: =SUM(D63:BM63) -> 0 | BO63: =COUNT(D63:BM63) -> 0
B64: تسريب الخامة من العبوات | BN64: =SUM(D64:BM64) -> 0 | BO64: =COUNT(D64:BM64) -> 0
B65: مشكة فى ضغط العبوات (اللحام) | BN65: =SUM(D65:BM65) -> 0 | BO65: =COUNT(D65:BM65) -> 0
B66: مشكلة فى السخانات | BN66: =SUM(D66:BM66) -> 0 | BO66: =COUNT(D66:BM66) -> 0
B67: ضبط الكاميرا | BN67: =SUM(D67:BM67) -> 0 | BO67: =COUNT(D67:BM67) -> 0
B68: ضبط الميزان | BN68: =SUM(D68:BM68) -> 0 | BO68: =COUNT(D68:BM68) -> 0
B69: اعطال النقل من مكان لاخر | BN69: =SUM(D69:BM69) -> 0 | BO69: =COUNT(D69:BM69) -> 0
B70: عمال غير مدربة | BN70: =SUM(D70:BM70) -> 0 | BO70: =COUNT(D70:BM70) -> 0
B71: تنظيف الماكينة | BN71: =SUM(D71:BM71) -> 0 | BO71: =COUNT(D71:BM71) -> 0
B72: تنظيف بستم الفويل | BN72: =SUM(D72:BM72) -> 0 | BO72: =COUNT(D72:BM72) -> 0
B73: تنظيف سير نقل المنتج | BN73: =SUM(D73:BM73) -> 0 | BO73: =COUNT(D73:BM73) -> 0
B74: الوقوف على العبوات المجهزة (بامب&استيكر&تعقيم) | BN74: =SUM(D74:BM74) -> 0 | BO74: =COUNT(D74:BM74) -> 0
... B89: ضبط نزل العبوات | BN89: =SUM(D89:BM89) -> 0 | BO89: =COUNT(D89:BM89) -> 0
BN90: =SUM(D90:BM90) -> 0 | BO90: =COUNT(D90:BM90) -> 0
BN91: =SUM(D91:BM91) -> 0 | BO91: =COUNT(D91:BM91) -> 0
BN92: =SUM(D92:BM92) -> 0 | BO92: =COUNT(D92:BM92) -> 0
BN93: =SUM(D93:BM93) -> 0 | BO93: =COUNT(D93:BM93) -> 0
BN94: =SUM(D94:BM94) -> 0 | BO94: =COUNT(D94:BM94) -> 0
A95: =SUM(BN96:BN98) -> 0 | B95: أعطال التخطيط | BN95: =SUM(D95:BM95) -> 0 | BO95: =COUNT(D95:BM95) -> 0
B96: الوقوف على المستلزمات | BN96: =SUM(D96:BM96) -> 0 | BO96: =COUNT(D96:BM96) -> 0
BN97: =SUM(D97:BM97) -> 0 | BO97: =COUNT(D97:BM97) -> 0
BN98: =SUM(D98:BM98) -> 0 | BO98: =COUNT(D98:BM98) -> 0
A99: =SUM(BN100:BN102) -> 0 | B99: أعطال المخزن | BN99: =SUM(D99:BM99) -> 0 | BO99: =COUNT(D99:BM99) -> 0
B100: الوقوف على المستلزمات | BN100: =SUM(D100:BM100) -> 0 | BO100: =COUNT(D100:BM100) -> 0
BN101: =SUM(D101:BM101) -> 0 | BO101: =COUNT(D101:BM101) -> 0
BN102: =SUM(D102:BM102) -> 0 | BO102: =COUNT(D102:BM102) -> 0
A103: =SUM(BN104:BN110) -> 0 | B103: أعطال الجودة | BN103: =SUM(D103:BM103) -> 0 | BO103: =COUNT(D103:BM103) -> 0
B104: مشكلة فى العبوات | BN104: =SUM(D104:BM104) -> 0 | BO104: =COUNT(D104:BM104) -> 0
B105: مشكلة فى الخامة | BN105: =SUM(D105:BM105) -> 0 | BO105: =COUNT(D105:BM105) -> 0
B106: مشكلة فى السليف | BN106: =SUM(D106:BM106) -> 0 | BO106: =COUNT(D106:BM106) -> 0
B107: مشكلة فى الاستيكر | BN107: =SUM(D107:BM107) -> 0 | BO107: =COUNT(D107:BM107) -> 0
B108: تأخير محضر فحص | BN108: =SUM(D108:BM108) -> 0 | BO108: =COUNT(D108:BM108) -> 0
BN109: =SUM(D109:BM109) -> 0 | BO109: =COUNT(D109:BM109) -> 0
BN110: =SUM(D110:BM110) -> 0 | BO110: =COUNT(D110:BM110) -> 0
A111: =SUM(BN112:BN116) -> 0 | B111: أعطال التصنيع | BN111: =SUM(D111:BM111) -> 0 | BO111: =COUNT(D111:BM111) -> 0
B112: الوقوف على الخامة | BN112: =SUM(D112:BM112) -> 0 | BO112: =COUNT(D112:BM112) -> 0
B113: مشكلة فى الخامة | BN113: =SUM(D113:BM113) -> 0 | BO113: =COUNT(D113:BM113) -> 0
B114: وجود فوم فى الخامة | BN114: =SUM(D114:BM114) -> 0 | BO114: =COUNT(D114:BM114) -> 0
BN115: =SUM(D115:BM115) -> 0 | BO115: =COUNT(D115:BM115) -> 0
BN116: =SUM(D116:BM116) -> 0 | BO116: =COUNT(D116:BM116) -> 0
B117: عدد العمال المطلوب | BN117: =SUM(D117:BM117) -> 0
B118: عدد العمال الفعلى | BN118: =SUM(D118:BM118) -> 0
B119: شيفت اول | AF119: 8.5 | AH119: 8.5 | AJ119: 8.5 | AL119: 8.5 | BN119: =SUM(D119:BM119) -> 34
B120: الوقت الاضافى | BN120: =SUM(D120:BM120) -> 0
B121: اجمالى الورديات بالدقيقة | D121: =(D119*60)+D120 -> 0 | E121: =(E119*60)+E120 -> 0 | F121: =(F119*60)+F120 -> 0 | G121: =(G119*60)+G120 -> 0 | H121: =(H119*60)+H120 -> 0 | I121: =(I119*60)+I120 -> 0 | J121: =(J119*60)+J120 -> 0 | K121: =(K119*60)+K120 -> 0 | ... BM121: =(BM119*60)+BM120 -> 0 | BN121: =SUM(D121:BM121) -> 2040 | BO121: =BN121-BN122 -> 1545
B122: اجمالى الاعطال المخططة | D122: =SUM(D123:D126) -> 0 | E122: =SUM(E123:E126) -> 0 | F122: =SUM(F123:F126) -> 0 | G122: =SUM(G123:G126) -> 0 | H122: =SUM(H123:H126) -> 0 | I122: =SUM(I123:I126) -> 0 | J122: =SUM(J123:J126) -> 0 | K122: =SUM(K123:K126) -> 0 | ... BM122: =SUM(BM123:BM126) -> 0 | BN122: =SUM(D122:BM122) -> 495
B123: الاعطال المخططة/بداية التشغيل | AF123: 150 | BN123: =SUM(D123:BM123) -> 150
B124: التغيير من منتج لمنتج اخر | BN124: =SUM(D124:BM124) -> 0
B125: الراحة | AF125: 45 | AH125: 45 | AJ125: 45 | AL125: 45 | BN125: =SUM(D125:BM125) -> 180
B126: انتهاء امر الانتاج | AF126: =120+30+15 -> 165 | BN126: =SUM(D126:BM126) -> 165
...

Sheet Codes
C3: مشكلة فى النزل | E3: Machine failure | F3: MF1
C4: ضبط الميزان | E4: Set up& adjustment | F4: ADJ1
C5: مشكلة فى الميزان | E5: Machine failure | F5: MF2
C6: مشكلة فى المكبس | E6: Machine failure | F6: MF3
C7: تسريب الخامة من العبوات | E7: Machine failure | F7: MF4
C8: مشكة فى ضغط العبوات (اللحام) | E8: Machine failure | F8: MF5
C9: مشكلة فى السخانات | E9: Machine failure | F9: MF6
C10: ضبط الكاميرا | E10: Machine failure | F10: MF7
C11: ضبط الكاميرا | E11: Quality losses | F11: Q1
C12: مشكله في ضغط الهواء (فى الكومبرسور) | E12: utility loss | F12: UT1
C13: مشكله في خرطوم الهواء | E13: Machine failure | F13: MF8
C14: ضبط اعدادات الماكينة | E14: Machine failure | F14: MF9
... C34: تغيير شريط لحام | E34: minor losses | F34: MIN4
B35: اعطال الانتاج | C35: ضبط الكاميرا | E35: Set up& adjustment | F35: ADJ9
C36: اعطال النقل من مكان لاخر | E36: Management loss | F36: MG1
C37: عمال غير مدربة | E37: Management loss | F37: MG2
C38: تنظيف الماكينة | E38: Management loss | F38: MG3
C39: تنظيف بستم الفويل | E39: Management loss | F39: MG4
C40: تنظيف سير نقل المنتج | E40: Management loss | F40: MG5
C41: الوقوف على العبوات المجهزة | E41: Management loss | F41: MG6
C42: تأخير صرف المستلزمات | E42: Management loss | F42: MG7
C43: عدم وجود عمالة كافية | E43: Management loss | F43: MG8
C44: تغيير رقم التشغيلة/التانك | E44: Set up& adjustment | F44: ADJ10
C45: تعبئة | E45: minor losses | F45: MIN1
C46: اعطال خط التغليف | E46: Management loss | F46: MG9
C47: تغيير حجم المنتج على الماكينة | E47: Start up loss | F47: SU1
... C58: التشغيل بسرعة اقل | E58: Management loss | F58: MIN2
B59: أعطال التخطيط | C59: الوقوف على المستلزمات (تخطيط) | E59: Management loss | F59: MG10
C60: تغيير فى الـ BOM | E60: Management loss | F60: MG14
B61: أعطال المخزن | C61: الوقوف على المستلزمات (مخزن) | E61: Management loss | F61: MG11
B62: أعطال الجودة | C62: مشكلة فى العبوات | E62: Quality losses | F62: Q4
C63: مشكلة فى الخامة | E63: Quality losses | F63: Q5
C64: مشكلة فى السليف | E64: Quality losses | F64: Q6
C65: مشكلة فى الاستيكر | E65: Quality losses | F65: Q7
C66: تأخير محضر فحص | E66: Quality losses | F66: Q8
C67: تأخير محضر فحص | E67: Management loss | F67: MG12
B68: أعطال التصنيع | C68: الوقوف على الخامة | E68: Management loss | F68: MG13
C69: مشكلة فى الخامة | E69: Quality losses | F69: Q9
C70: وجود فوم فى الخامة | E70: Quality losses | F70: Q10
C71: Changeover | E71: Start up loss | F71: SU4

Sheet Week Dashboard
B2: Week-3 | J2: Week-4
B3: OEE Dashboard | J3: OEE Dashboard
B4: s | C4: Machine name | D4: availability | E4: Performance | F4: Quality | G4: OEE | H4: Target | I4: Gap | J4: s | K4: Machine name | L4: availability | M4: Performance | N4: Quality | O4: OEE | P4: Target | Q4: Gap
B5: 1 | C5: Nordon | D5: =#REF! -> #REF! | E5: =#REF! -> #REF! | F5: =#REF! -> #REF! | G5: =D5*E5*F5 -> #REF! | H5: 0.8 | I5: =H5-G5 -> #REF! | J5: 1 | K5: Nordon | L5: =#REF! -> #REF! | M5: =#REF! -> #REF! | N5: =#REF! -> #REF! | O5: =L5*M5*N5 -> #REF! | P5: 0.8 | Q5: =P5-O5 -> #REF!
B6: 2 | C6: Kadico | D6: =#REF! -> #REF! | E6: =#REF! -> #REF! | F6: =#REF! -> #REF! | G6: =D6*E6*F6 -> #REF! | H6: 0.8 | I6: =H6-G6 -> #REF! | J6: 2 | K6: Kadico | L6: =#REF! -> #REF! | M6: =#REF! -> #REF! | N6: =#REF! -> #REF! | O6: =L6*M6*N6 -> #REF! | P6: 0.8 | Q6: =P6-O6 -> #REF!
B7: 3 | C7: Kalix | D7: =#REF! -> #REF! | E7: =#REF! -> #REF! | F7: =#REF! -> #REF! | G7: =D7*E7*F7 -> #REF! | H7: 0.8 | I7: =H7-G7 -> #REF! | J7: 3 | K7: Kalix | L7: =#REF! -> #REF! | M7: =#REF! -> #REF! | N7: =#REF! -> #REF! | O7: =L7*M7*N7 -> #REF! | P7: 0.8 | Q7: =P7-O7 -> #REF!
B8: 4 | C8: Cream 1 | D8: =#REF! -> #REF! | E8: =#REF! -> #REF! | F8: =#REF! -> #REF! | G8: =D8*E8*F8 -> #REF! | H8: 0.8 | I8: =H8-G8 -> #REF! | J8: 4 | K8: Cream 1 | L8: =#REF! -> #REF! | M8: =#REF! -> #REF! | N8: =#REF! -> #REF! | O8: =L8*M8*N8 -> #REF! | P8: 0.8 | Q8: =P8-O8 -> #REF!
B9: 5 | C9: 4 Nozzole | D9: =#REF! -> #REF! | E9: =#REF! -> #REF! | F9: =#REF! -> #REF! | G9: =D9*E9*F9 -> #REF! | H9: 0.8 | I9: =H9-G9 -> #REF! | J9: 5 | K9: 4 Nozzole | L9: =#REF! -> #REF! | M9: =#REF! -> #REF! | N9: =#REF! -> #REF! | O9: =L9*M9*N9 -> #REF! | P9: 0.8 | Q9: =P9-O9 -> #REF!
B10: 6 | C10: Cream 2 | D10: =#REF! -> #REF! | E10: =#REF! -> #REF! | F10: =#REF! -> #REF! | G10: =D10*E10*F10 -> #REF! | H10: 0.8 | I10: =H10-G10 -> #REF! | J10: 6 | K10: Cream 2 | L10: =#REF! -> #REF! | M10: =#REF! -> #REF! | N10: =#REF! -> #REF! | O10: =L10*M10*N10 -> #REF! | P10: 0.8 | Q10: =P10-O10 -> #REF!
B11: 7 | C11: Rotary | D11: =#REF! -> #REF! | E11: =#REF! -> #REF! | F11: =#REF! -> #REF! | G11: =D11*E11*F11 -> #REF! | H11: 0.8 | I11: =H11-G11 -> #REF! | J11: 7 | K11: Rotary | L11: =#REF! -> #REF! | M11: =#REF! -> #REF! | N11: =#REF! -> #REF! | O11: =L11*M11*N11 -> #REF! | P11: 0.8 | Q11: =P11-O11 -> #REF!
B12: 8 | C12: 8 Nozzole | D12: =#REF! -> #REF! | E12: =#REF! -> #REF! | F12: =#REF! -> #REF! | G12: =D12*E12*F12 -> #REF! | H12: 0.8 | I12: =H12-G12 -> #REF! | J12: 8 | K12: 8 Nozzole | L12: =#REF! -> #REF! | M12: =#REF! -> #REF! | N12: =#REF! -> #REF! | O12: =L12*M12*N12 -> #REF! | P12: 0.8 | Q12: =P12-O12 -> #REF!
B13: 9 | C13: 6 Nozzole (Old) | D13: =#REF! -> #REF! | E13: =#REF! -> #REF! | F13: =#REF! -> #REF! | G13: =D13*E13*F13 -> #REF! | H13: 0.8 | I13: =H13-G13 -> #REF! | J13: 9 | K13: 6 Nozzole (Old) | L13: =#REF! -> #REF! | M13: =#REF! -> #REF! | N13: =#REF! -> #REF! | O13: =L13*M13*N13 -> #REF! | P13: 0.8 | Q13: =P13-O13 -> #REF!
B14: 10 | C14: 6 Nozzole (New) | D14: =#REF! -> #REF! | E14: =#REF! -> #REF! | F14: =#REF! -> #REF! | G14: =D14*E14*F14 -> #REF! | H14: 0.8 | I14: =H14-G14 -> #REF! | J14: 10 | K14: 6 Nozzole (New) | L14: =#REF! -> #REF! | M14: =#REF! -> #REF! | N14: =#REF! -> #REF! | O14: =L14*M14*N14 -> #REF! | P14: 0.8 | Q14: =P14-O14 -> #REF!
B15: 11 | C15: Roll-on | D15: =#REF! -> #REF! | E15: =#REF! -> #REF! | F15: =#REF! -> #REF! | G15: =D15*E15*F15 -> #REF! | H15: 0.8 | I15: =H15-G15 -> #REF! | J15: 11 | K15: Roll-on | L15: =#REF! -> #REF! | M15: =#REF! -> #REF! | N15: =#REF! -> #REF! | O15: =L15*M15*N15 -> #REF! | P15: 0.8 | Q15: =P15-O15 -> #REF!
B16: 12 | C16: Sachet (Old) | D16: =#REF! -> #REF! | E16: =#REF! -> #REF! | F16: =#REF! -> #REF! | G16: =D16*E16*F16 -> #REF! | H16: 0.8 | I16: =H16-G16 -> #REF! | J16: 12 | K16: Sachet (Old)
B17: 13 | C17: Sachet (New) | D17: =#REF! -> #REF! | E17: =#REF! -> #REF! | F17: =#REF! -> #REF! | G17: =D17*E17*F17 -> #REF! | H17: 0.8 | I17: =H17-G17 -> #REF! | J17: 13 | K17: Sachet (New) | L17: =#REF! -> #REF! | M17: =#REF! -> #REF! | N17: =#REF! -> #REF! | O17: =L17*M17*N17 -> #REF! | P17: 0.8 | Q17: =P17-O17 -> #REF!
B18: 14 | C18: 1 Nozzole | D18: =#REF! -> #REF! | E18: =#REF! -> #REF! | F18: =#REF! -> #REF! | G18: =D18*E18*F18 -> #REF! | H18: 0.8 | I18: =H18-G18 -> #REF! | J18: 14 | K18: 1 Nozzole
B19: 15 | C19: Wax-line | J19: 15 | K19: Wax-line
B20: 16 | C20: Lip Balm (Old) | D20: =#REF! -> #REF! | E20: =#REF! -> #REF! | F20: =#REF! -> #REF! | G20: =D20*E20*F20 -> #REF! | H20: 0.8 | I20: =H20-G20 -> #REF! | J20: 16 | K20: Lip Balm (Old) | L20: =#REF! -> #REF! | M20: =#REF! -> #REF! | N20: =#REF! -> #REF! | O20: =L20*M20*N20 -> #REF! | P20: 0.8 | Q20: =P20-O20 -> #REF!
B21: 17 | C21: Lip Balm (New) | D21: =#REF! -> #REF! | E21: =#REF! -> #REF! | F21: =#REF! -> #REF! | G21: =D21*E21*F21 -> #REF! | H21: 0.8 | I21: =H21-G21 -> #REF! | J21: 17 | K21: Lip Balm (New) | L21: =#REF! -> #REF! | M21: =#REF! -> #REF! | N21: =#REF! -> #REF! | O21: =L21*M21*N21 -> #REF! | P21: 0.8 | Q21: =P21-O21 -> #REF!
B22: 18 | C22: Scrub | J22: 18 | K22: Scrub | L22: =#REF! -> #REF! | M22: =#REF! -> #REF! | N22: =#REF! -> #REF! | O22: =L22*M22*N22 -> #REF! | P22: 0.8 | Q22: =P22-O22 -> #REF!
B23: 19 | C23: Old Kalix | D23: =#REF! -> #REF! | E23: =#REF! -> #REF! | F23: =#REF! -> #REF! | G23: =D23*E23*F23 -> #REF! | H23: 0.8 | I23: =H23-G23 -> #REF! | J23: 19 | K23: Old Kalix
B24: Average | G24: =AVERAGE(G5:G23) -> #REF! | H24: 0.8 | I24: =H24-G24 -> #REF! | J24: Average | O24: =AVERAGE(O5:O23) -> #REF! | P24: 0.8 | Q24: =P24-O24 -> #REF!

Sheet NORDON
F1: =SUM(F5:F17) -> 10900 | G1: =SUM(G5:G17) -> 8172 | H1: =SUM(H5:H17) -> 10437 | I1: =SUM(I5:I17) -> 9070 | J1: =SUM(J5:J17) -> 11550 | K1: =SUM(K5:K17) -> 6575 | L1: =SUM(L5:L17) -> 0 | M1: =SUM(M5:M17) -> 0 | ... BJ1: =SUM(BJ5:BJ17) -> 92879
C2: Date | F2: 46082 | H2: 46083 | J2: 46084 | L2: 46085 | N2: 46086 | P2: 46087 | R2: 46088 | T2: 46089 | V2: 46090 | X2: 46091 | Z2: 46092 | AB2: 46093 | AD2: 46094 | AF2: 46095 | AH2: 46096 | AJ2: 46097 | AL2: 46098 | AN2: 46099 | AP2: 46100 | AR2: 46101 | AT2: 46102 | AV2: 46103 | AX2: 46104 | AZ2: 46105 | BB2: 46106 | BD2: 46107 | BF2: 46108 | BH2: 46109
C3: Shift | F3: sh1 | G3: sh2 | H3: sh1 | I3: sh2 | J3: sh1 | K3: sh2 | L3: sh1 | M3: sh2 | N3: sh1 | O3: sh2 | P3: sh1 | Q3: sh2 | R3: sh1 | S3: sh2 | T3: sh1 | U3: sh2 | V3: sh1 | W3: sh2 | X3: sh1 | Y3: sh2 | Z3: sh1 | AA3: sh2 | AB3: sh1 | AC3: sh2 | AD3: sh1 | AE3: sh2 | AF3: sh1 | AG3: sh2 | AH3: sh1 | AI3: sh2 | AJ3: sh1 | AK3: sh2 | AL3: sh1 | AM3: sh2 | AN3: sh1 | AO3: sh2 | AP3: sh1 | AQ3: sh2 | AR3: sh1 | AS3: sh2 | AT3: sh1 | AU3: sh2 | AV3: sh1 | AW3: sh2 | AX3: sh1 | AY3: sh2 | AZ3: sh1 | BA3: sh2 | BB3: sh1 | BC3: sh2 | BD3: sh1 | BE3: sh2 | BF3: sh1 | BG3: sh2 | BH3: sh1 | BI3: sh2
C4: Item code | D4: Item description | E4: Rate | F4: الاحد | H4: الاثنين | J4: الثلاثاء | L4: الاربعاء | N4: الخميس | P4: الجمعة | R4: السبت | T4: الاحد | V4: الاثنين | X4: الثلاثاء | Z4: الاربعاء | AB4: الخميس | AD4: الجمعة | AF4: السبت | AH4: الاحد | AJ4: الاثنين | AL4: الثلاثاء | AN4: الاربعاء | AP4: الخميس | AR4: الجمعة | AT4: السبت | AV4: الاحد | AX4: الاثنين | AZ4: الثلاثاء | BB4: الاربعاء | BD4: الخميس | BF4: الجمعة | BH4: السبت
C5: =VLOOKUP(D5,Products!B:D,2,FALSE) -> 41813002 | D5: كير اند مور بودي لوشن برائحة الفراولة 150مل | E5: 40 | F5: 10900 | G5: 8172 | H5: 10437 | BJ5: =SUM(F5:BI5) -> 29509 | BK5: =COUNT(F5:BI5) -> 3
C6: =VLOOKUP(D6,Products!B:D,2,FALSE) -> 41813001 | D6: كير اند مور بودي لوشن برائحة جوز الهند 150مل | E6: 40 | I6: 9070 | J6: 7422 | BJ6: =SUM(F6:BI6) -> 16492 | BK6: =COUNT(F6:BI6) -> 2
C7: =VLOOKUP(D7,Products!B:D,2,FALSE) -> 41814002 | D7: كير اند مور غسول الوجة للبشره الدهنيه بالصبار 150مل | E7: 40 | J7: 4128 | BJ7: =SUM(F7:BI7) -> 4128 | BK7: =COUNT(F7:BI7) -> 1
C8: =VLOOKUP(D8,Products!B:D,2,FALSE) -> 41814001 | D8: كير اند مور غسول الوجه للبشره الجافة والعادية 150مل | E8: 40 | K8: 6575 | BJ8: =SUM(F8:BI8) -> 6575 | BK8: =COUNT(F8:BI8) -> 1
C9: =VLOOKUP(D9,Products!B:D,2,FALSE) -> #N/A | D9: زوريا كريم مقشر للوجه 100مل | E9: 40 | N9: 2127 | T9: 870 | BJ9: =SUM(F9:BI9) -> 2997 | BK9: =COUNT(F9:BI9) -> 2
C10: =VLOOKUP(D10,Products!B:D,2,FALSE) -> 41813004 | D10: كير اند مور بودي لوشن برائحة التوت 150مل | E10: 40 | V10: 4933 | BJ10: =SUM(F10:BI10) -> 4933 | BK10: =COUNT(F10:BI10) -> 1
C11: =VLOOKUP(D11,Products!B:D,2,FALSE) -> 41500029 | D11: مان زون فايبر جل الشفاف – اكسترا سترونج هولد 175 مل | E11: 35 | X11: 3730 | Z11: 6429 | BJ11: =SUM(F11:BI11) -> 10159 | BK11: =COUNT(F11:BI11) -> 2
C12: =VLOOKUP(D12,Products!B:D,2,FALSE) -> 41500002 | D12: Man-Zone Fiber gel Wet effect - 175ml | E12: 35 | Z12: =95+881 -> 976 | AB12: 10800 | BJ12: =SUM(F12:BI12) -> 11776 | BK12: =COUNT(F12:BI12) -> 2
C13: =VLOOKUP(D13,Products!B:D,2,FALSE) -> #N/A | D13: زوريا هاند كريم 100مل | E13: 35 | AF13: 3225 | BJ13: =SUM(F13:BI13) -> 3225 | BK13: =COUNT(F13:BI13) -> 1
C14: =VLOOKUP(D14,Products!B:D,2,FALSE) -> #N/A | D14: zuriya facial cleanser 150ml | E14: 35 | AF14: 200 | AH14: 2885 | BJ14: =SUM(F14:BI14) -> 3085 | BK14: =COUNT(F14:BI14) -> 2
C15: =VLOOKUP(D15,Products!B:D,2,FALSE) -> #N/A | E15: 1 | BJ15: =SUM(F15:BI15) -> 0 | BK15: =COUNT(F15:BI15) -> 0
C16: =VLOOKUP(D16,Products!B:D,2,FALSE) -> #N/A | E16: 1 | BJ16: =SUM(F16:BI16) -> 0 | BK16: =COUNT(F16:BI16) -> 0
C17: =VLOOKUP(D17,Products!B:D,2,FALSE) -> #N/A | E17: 1 | BJ17: =SUM(F17:BI17) -> 0 | BK17: =COUNT(F17:BI17) -> 0
D18: التوالف | F18: =SUM(F19:F27) -> 0 | G18: =SUM(G19:G27) -> 43 | H18: =SUM(H19:H27) -> 0 | I18: =SUM(I19:I27) -> 0 | J18: =SUM(J19:J27) -> 21 | K18: =SUM(K19:K27) -> 0 | L18: =SUM(L19:L27) -> 0 | M18: =SUM(M19:M27) -> 0 | ... AY18: =SUM(AY19:AY27) -> 0 | BA18: =SUM(BA19:BA27) -> 0 | BB18: =SUM(BB19:BB27) -> 0 | BC18: =SUM(BC19:BC27) -> 0 | BD18: =SUM(BD19:BD27) -> 0 | BE18: =SUM(BE19:BE27) -> 0 | BF18: =SUM(BF19:BF27) -> 0 | BG18: =SUM(BG19:BG27) -> 0 | BH18: =SUM(BH19:BH27) -> 0 | BI18: =SUM(BI19:BI27) -> 0 | BJ18: =SUM(F18:BI18) -> 249 | BK18: =COUNT(F18:BI18) -> 55
D19: (مورد) | BJ19: =SUM(F19:BI19) -> 0 | BK19: =COUNT(F19:BI19) -> 0
D20: عبوة | G20: 38 | J20: 3 | BJ20: =SUM(F20:BI20) -> 41 | BK20: =COUNT(F20:BI20) -> 2
D21: غطاء | BJ21: =SUM(F21:BI21) -> 0 | BK21: =COUNT(F21:BI21) -> 0
BJ22: =SUM(F22:BI22) -> 0 | BK22: =COUNT(F22:BI22) -> 0
D23: (تشغيل) | BJ23: =SUM(F23:BI23) -> 0 | BK23: =COUNT(F23:BI23) -> 0
D24: عبوة | G24: 5 | J24: 18 | N24: 59 | T24: 24 | V24: 9 | X24: 24 | Z24: 37 | AB24: 32 | BJ24: =SUM(F24:BI24) -> 208 | BK24: =COUNT(F24:BI24) -> 8
D25: غطاء | BJ25: =SUM(F25:BI25) -> 0 | BK25: =COUNT(F25:BI25) -> 0
D26: بامب | BJ26: =SUM(F26:BI26) -> 0 | BK26: =COUNT(F26:BI26) -> 0
BJ27: =SUM(F27:BI27) -> 0 | BK27: =COUNT(F27:BI27) -> 0
D28: Unplanned downtime | F28: =SUM(F29:F106) -> 0 | G28: =SUM(G29:G106) -> 45 | H28: =SUM(H29:H106) -> 45 | I28: =SUM(I29:I106) -> 15 | J28: =SUM(J29:J106) -> 60 | K28: =SUM(K29:K106) -> 0 | L28: =SUM(L29:L106) -> 0 | M28: =SUM(M29:M106) -> 0 | ... O28: =SUM(O29:O106) -> 0 | R28: =SUM(R29:R106) -> 0 | S28: =SUM(S29:S106) -> 0 | T28: =SUM(T29:T106) -> 0 | U28: =SUM(U29:U106) -> 0 | V28: =SUM(V29:V106) -> 0 | W28: =SUM(W29:W106) -> 0 | X28: =SUM(X29:X106) -> 127 | Y28: =SUM(Y29:Y106) -> 0 | ... AY28: =SUM(AY29:AY106) -> 0 | BA28: =SUM(BA29:BA106) -> 0 | BB28: =SUM(BB29:BB106) -> 0 | BC28: =SUM(BC29:BC106) -> 0 | BD28: =SUM(BD29:BD106) -> 0 | BE28: =SUM(BE29:BE106) -> 0 | BF28: =SUM(BF29:BF106) -> 0 | BG28: =SUM(BG29:BG106) -> 0 | BH28: =SUM(BH29:BH106) -> 0 | BI28: =SUM(BI29:BI106) -> 0 | BJ28: =SUM(F28:BI28) -> 630 | BK28: =COUNT(F28:BI28) -> 53
C29: =SUM(BJ30:BJ49) -> 35 | D29: اعطال الصيانة | BJ29: =SUM(F29:BI29) -> 0 | BK29: =COUNT(F29:BI29) -> 0
B30: Machine failure | C30: MF1 | D30: مشكلة فى النزل | BJ30: =SUM(F30:BI30) -> 0 | BK30: =COUNT(F30:BI30) -> 0
B31: Set up& adjustment | C31: ADJ1 | D31: ضبط الميزان | BJ31: =SUM(F31:BI31) -> 0 | BK31: =COUNT(F31:BI31) -> 0
B32: Machine failure | C32: MF2 | D32: مشكلة فى الميزان | BJ32: =SUM(F32:BI32) -> 0 | BK32: =COUNT(F32:BI32) -> 0
B33: Machine failure | C33: MF3 | D33: مشكلة فى المكبس | BJ33: =SUM(F33:BI33) -> 0 | BK33: =COUNT(F33:BI33) -> 0
B34: Machine failure | C34: MF4 | D34: تسريب الخامة من العبوات | N34: 10 | BJ34: =SUM(F34:BI34) -> 10 | BK34: =COUNT(F34:BI34) -> 1
B35: Machine failure | C35: MF5 | D35: مشكة فى ضغط العبوات (اللحام) | BJ35: =SUM(F35:BI35) -> 0 | BK35: =COUNT(F35:BI35) -> 0
B36: Machine failure | C36: MF6 | D36: مشكلة فى السخانات | N36: 15 | BJ36: =SUM(F36:BI36) -> 15 | BK36: =COUNT(F36:BI36) -> 1
B37: Machine failure | C37: MF7 | D37: ضبط الكاميرا | N37: 10 | BJ37: =SUM(F37:BI37) -> 10 | BK37: =COUNT(F37:BI37) -> 1
B38: Quality losses | C38: Q1 | D38: ضبط الكاميرا | BJ38: =SUM(F38:BI38) -> 0 | BK38: =COUNT(F38:BI38) -> 0
B39: utility loss | C39: UT1 | D39: مشكله في ضغط الهواء (فى الكومبرسور) | BJ39: =SUM(F39:BI39) -> 0 | BK39: =COUNT(F39:BI39) -> 0
B40: Machine failure | C40: MF8 | D40: مشكله في خرطوم الهواء | BJ40: =SUM(F40:BI40) -> 0 | BK40: =COUNT(F40:BI40) -> 0
B41: Machine failure | C41: MF9 | D41: ضبط اعدادات الماكينة | BJ41: =SUM(F41:BI41) -> 0 | BK41: =COUNT(F41:BI41) -> 0
B42: Machine failure | C42: MF10 | D42: مشاكل ضخ الخامة | BJ42: =SUM(F42:BI42) -> 0 | BK42: =COUNT(F42:BI42) -> 0
B43: Machine failure | C43: MF11 | D43: تغيير خرطوم الهواء | BJ43: =SUM(F43:BI43) -> 0 | BK43: =COUNT(F43:BI43) -> 0
B44: Machine failure | C44: MF12 | D44: خلل فى سير الماكينة | BJ44: =SUM(F44:BI44) -> 0 | BK44: =COUNT(F44:BI44) -> 0
B45: Set up& adjustment | C45: ADJ2 | D45: ضبط البستم | BJ45: =SUM(F45:BI45) -> 0 | BK45: =COUNT(F45:BI45) -> 0
B46: utility loss | C46: UT2 | D46: انقطاع الكهرباء | BJ46: =SUM(F46:BI46) -> 0 | BK46: =COUNT(F46:BI46) -> 0
B47: Machine failure | C47: MF13 | D47: انقطاع كهرباء الماكينة | BJ47: =SUM(F47:BI47) -> 0 | BK47: =COUNT(F47:BI47) -> 0
B48: Set up& adjustment | C48: ADJ3 | D48: ضبط ماكينة الاستيكر | BJ48: =SUM(F48:BI48) -> 0 | BK48: =COUNT(F48:BI48) -> 0
B49: Machine failure | C49: MF14 | D49: تغيير O ring | BJ49: =SUM(F49:BI49) -> 0 | BK49: =COUNT(F49:BI49) -> 0
... B55: Set up& adjustment | C55: ADJ8 | D55: مشكلة فى ربط الغطاء | BJ55: =SUM(F55:BI55) -> 0 | BK55: =COUNT(F55:BI55) -> 0
B56: utility loss | C56: UT3 | D56: مشكلة فى الشيلر | G56: 35 | BJ56: =SUM(F56:BI56) -> 35 | BK56: =COUNT(F56:BI56) -> 1
D57: مشكله في طلمبه السحب | X57: 120 | Z57: 50 | BJ57: =SUM(F57:BI57) -> 170 | BK57: =COUNT(F57:BI57) -> 2
C58: =SUM(BJ60:BJ84) -> 267 | D58: اعطال الانتاج | BJ58: =SUM(F58:BI58) -> 0 | BK58: =COUNT(F58:BI58) -> 0
B59: Set up& adjustment | C59: ADJ9 | D59: ضبط الكاميرا | BJ59: =SUM(F59:BI59) -> 0 | BK59: =COUNT(F59:BI59) -> 0
B60: Management loss | C60: MG1 | D60: اعطال النقل من مكان لاخر | BJ60: =SUM(F60:BI60) -> 0 | BK60: =COUNT(F60:BI60) -> 0
B61: Management loss | C61: MG2 | D61: عمال غير مدربة | BJ61: =SUM(F61:BI61) -> 0 | BK61: =COUNT(F61:BI61) -> 0
B62: Management loss | C62: MG3 | D62: تنظيف الماكينة | BJ62: =SUM(F62:BI62) -> 0 | BK62: =COUNT(F62:BI62) -> 0
B63: Management loss | C63: MG4 | D63: تنظيف بستم الفويل | BJ63: =SUM(F63:BI63) -> 0 | BK63: =COUNT(F63:BI63) -> 0
B64: Management loss | C64: MG5 | D64: تنظيف سير نقل المنتج | BJ64: =SUM(F64:BI64) -> 0 | BK64: =COUNT(F64:BI64) -> 0
B65: Management loss | C65: MG6 | D65: الوقوف على العبوات المجهزة | BJ65: =SUM(F65:BI65) -> 0 | BK65: =COUNT(F65:BI65) -> 0
B66: Management loss | C66: MG7 | D66: تأخير صرف المستلزمات | BJ66: =SUM(F66:BI66) -> 0 | BK66: =COUNT(F66:BI66) -> 0
B67: Management loss | C67: MG8 | D67: عدم وجود عمالة كافية | BJ67: =SUM(F67:BI67) -> 0 | BK67: =COUNT(F67:BI67) -> 0
B68: Set up& adjustment | C68: ADJ10 | D68: تغيير التانك | G68: 10 | H68: 10 | I68: 15 | X68: 7 | Z68: 10 | BJ68: =SUM(F68:BI68) -> 52 | BK68: =COUNT(F68:BI68) -> 5
B69: minor losses | C69: MIN1 | D69: لم الخامة من الهوبر | BJ69: =SUM(F69:BI69) -> 0 | BK69: =COUNT(F69:BI69) -> 0
B70: Management loss | C70: MG9 | D70: اعطال خط التغليف | BJ70: =SUM(F70:BI70) -> 0 | BK70: =COUNT(F70:BI70) -> 0
B71: Start up loss | C71: SU1 | D71: تغيير حجم المنتج على الماكينة | BJ71: =SUM(F71:BI71) -> 0 | BK71: =COUNT(F71:BI71) -> 0
B72: Machine failure | C72: MF16 | D72: مشاكل ضخ الخامة | BJ72: =SUM(F72:BI72) -> 0 | BK72: =COUNT(F72:BI72) -> 0
B73: Set up& adjustment | C73: ADJ11 | D73: ضبط مكبس الغطاء | BJ73: =SUM(F73:BI73) -> 0 | BK73: =COUNT(F73:BI73) -> 0
B74: Set up& adjustment | C74: AD12 | D74: ضبط سلم الغطاء | BJ74: =SUM(F74:BI74) -> 0 | BK74: =COUNT(F74:BI74) -> 0
B75: Quality losses | C75: ADJ12 | D75: ضبط سلم الغطاء | BJ75: =SUM(F75:BI75) -> 0 | BK75: =COUNT(F75:BI75) -> 0
B76: Set up& adjustment | C76: ADJ13 | D76: ضبط مكبس الفويل | BJ76: =SUM(F76:BI76) -> 0 | BK76: =COUNT(F76:BI76) -> 0
B77: Set up& adjustment | C77: ADJ14 | D77: ضبط نزل العبوات | BJ77: =SUM(F77:BI77) -> 0 | BK77: =COUNT(F77:BI77) -> 0
B78: Quality losses | C78: Q3 | D78: ضبط نزل العبوات | BJ78: =SUM(F78:BI78) -> 0 | BK78: =COUNT(F78:BI78) -> 0
B79: Start up loss | C79: SU2 | D79: مشكلة فى الطباعة | BJ79: =SUM(F79:BI79) -> 0 | BK79: =COUNT(F79:BI79) -> 0
B80: Set up& adjustment | C80: ADJ15 | D80: تغيير الرول | BJ80: =SUM(F80:BI80) -> 0 | BK80: =COUNT(F80:BI80) -> 0
B81: Start up loss | C81: SU3 | D81: بداية التشغيل | BJ81: =SUM(F81:BI81) -> 0 | BK81: =COUNT(F81:BI81) -> 0
B82: Start up loss | C82: SU4 | D82: Changover | H82: 35 | J82: 60 | Z82: 60 | AF82: 60 | BJ82: =SUM(F82:BI82) -> 215
B83: minor losses | C83: MIN2 | D83: التشغيل بسرعة اقل | BJ83: =SUM(F83:BI83) -> 0 | BK83: =COUNT(F83:BI83) -> 0
BJ84: =SUM(F84:BI84) -> 0 | BK84: =COUNT(F84:BI84) -> 0
C85: =SUM(BJ86:BJ88) -> 0 | D85: أعطال التخطيط | BJ85: =SUM(F85:BI85) -> 0 | BK85: =COUNT(F85:BI85) -> 0
B86: Management loss | C86: MG10 | D86: الوقوف على المستلزمات (تخطيط) | BJ86: =SUM(F86:BI86) -> 0 | BK86: =COUNT(F86:BI86) -> 0
BJ87: =SUM(F87:BI87) -> 0 | BK87: =COUNT(F87:BI87) -> 0
BJ88: =SUM(F88:BI88) -> 0 | BK88: =COUNT(F88:BI88) -> 0
C89: =SUM(BJ90:BJ92) -> 0 | D89: أعطال المخزن | BJ89: =SUM(F89:BI89) -> 0 | BK89: =COUNT(F89:BI89) -> 0
B90: Management loss | C90: MG11 | D90: الوقوف على المستلزمات (مخزن) | BJ90: =SUM(F90:BI90) -> 0 | BK90: =COUNT(F90:BI90) -> 0
BJ91: =SUM(F91:BI91) -> 0 | BK91: =COUNT(F91:BI91) -> 0
BJ92: =SUM(F92:BI92) -> 0 | BK92: =COUNT(F92:BI92) -> 0
C93: =SUM(BJ94:BJ100) -> 0 | D93: أعطال الجودة | BJ93: =SUM(F93:BI93) -> 0 | BK93: =COUNT(F93:BI93) -> 0
B94: Quality losses | C94: Q4 | D94: مشكلة فى العبوات | BJ94: =SUM(F94:BI94) -> 0 | BK94: =COUNT(F94:BI94) -> 0
B95: Quality losses | C95: Q5 | D95: مشكلة فى الخامة | BJ95: =SUM(F95:BI95) -> 0 | BK95: =COUNT(F95:BI95) -> 0
B96: Quality losses | C96: Q6 | D96: مشكلة فى السليف | BJ96: =SUM(F96:BI96) -> 0 | BK96: =COUNT(F96:BI96) -> 0
B97: Quality losses | C97: Q7 | D97: مشكلة فى الاستيكر | BJ97: =SUM(F97:BI97) -> 0 | BK97: =COUNT(F97:BI97) -> 0
B98: Quality losses | C98: Q8 | D98: تأخير محضر فحص | BJ98: =SUM(F98:BI98) -> 0 | BK98: =COUNT(F98:BI98) -> 0
B99: Management loss | C99: MG12 | D99: تأخير محضر فحص | BJ99: =SUM(F99:BI99) -> 0 | BK99: =COUNT(F99:BI99) -> 0
BJ100: =SUM(F100:BI100) -> 0 | BK100: =COUNT(F100:BI100) -> 0
C101: =SUM(BJ102:BJ106) -> 123 | D101: أعطال التصنيع | BJ101: =SUM(F101:BI101) -> 0 | BK101: =COUNT(F101:BI101) -> 0
B102: Management loss | C102: MG13 | D102: الوقوف على الخامة | BJ102: =SUM(F102:BI102) -> 0 | BK102: =COUNT(F102:BI102) -> 0
B103: Quality losses | C103: Q9 | D103: مشكلة فى الخامة | BJ103: =SUM(F103:BI103) -> 0 | BK103: =COUNT(F103:BI103) -> 0
B104: Quality losses | C104: Q10 | D104: وجود فوم فى الخامة | AT104: 62 | AV104: 43 | AX104: 18 | BJ104: =SUM(F104:BI104) -> 123 | BK104: =COUNT(F104:BI104) -> 3
BJ105: =SUM(F105:BI105) -> 0 | BK105: =COUNT(F105:BI105) -> 0
...

Sheet KALEKS
F1: =SUM(F5:F14) -> 15200 | G1: =SUM(G5:G14) -> 13686 | H1: =SUM(H5:H14) -> 15341 | I1: =SUM(I5:I14) -> 11675 | J1: =SUM(J5:J14) -> 10200 | K1: =SUM(K5:K14) -> 13170 | L1: =SUM(L5:L14) -> 16800 | M1: =SUM(M5:M14) -> 13259 | ... BJ1: =SUM(BJ5:BJ14) -> 328676
C2: Date | F2: 46082 | H2: 46083 | J2: 46084 | L2: 46085 | N2: 46086 | P2: 46087 | R2: 46088 | T2: 46089 | V2: 46090 | X2: 46091 | Z2: 46092 | AB2: 46093 | AD2: 46094 | AF2: 46095 | AH2: 46096 | AJ2: 46097 | AL2: 46098 | AN2: 46099 | AP2: 46100 | AR2: 46101 | AT2: 46102 | AV2: 46103 | AX2: 46104 | AZ2: 46105 | BB2: 46106 | BD2: 46107 | BF2: 46108 | BH2: 46109
C3: Shift | F3: sh1 | G3: sh2 | H3: sh1 | I3: sh2 | J3: sh1 | K3: sh2 | L3: sh1 | M3: sh2 | N3: sh1 | O3: sh2 | P3: sh1 | Q3: sh2 | R3: sh1 | S3: sh2 | T3: sh1 | U3: sh2 | V3: sh1 | W3: sh2 | X3: sh1 | Y3: sh2 | Z3: sh1 | AA3: sh2 | AB3: sh1 | AC3: sh2 | AD3: sh1 | AE3: sh2 | AF3: sh1 | AG3: sh2 | AH3: sh1 | AI3: sh2 | AJ3: sh1 | AK3: sh2 | AL3: sh1 | AM3: sh2 | AN3: sh1 | AO3: sh2 | AP3: sh1 | AQ3: sh2 | AR3: sh1 | AS3: sh2 | AT3: sh1 | AU3: sh2 | AV3: sh1 | AW3: sh2 | AX3: sh1 | AY3: sh2 | AZ3: sh1 | BA3: sh2 | BB3: sh1 | BC3: sh2 | BD3: sh1 | BE3: sh2 | BF3: sh1 | BG3: sh2 | BH3: sh1 | BI3: sh2
C4: Item code | D4: Item description | E4: Rate | F4: الاحد | H4: الاثنين | J4: الثلاثاء | L4: الاربعاء | N4: الخميس | P4: الجمعة | R4: السبت | T4: الاحد | V4: الاثنين | X4: الثلاثاء | Z4: الاربعاء | AB4: الخميس | AD4: الجمعة | AF4: السبت | AH4: الاحد | AJ4: الاثنين | AL4: الثلاثاء | AN4: الاربعاء | AP4: الخميس | AR4: الجمعة | AT4: السبت | AV4: الاحد | AX4: الاثنين | AZ4: الثلاثاء | BB4: الاربعاء | BD4: الخميس | BF4: الجمعة | BH4: السبت
C5: =VLOOKUP(D5,Products!B:D,2,FALSE) -> 40740030 | D5: فيبكس كلاسيك 15 جم الشكل الجديد | E5: 49 | F5: 15200 | G5: 6136 | J5: 10200 | X5: 3500 | Y5: 12000 | Z5: 940 | BJ5: =SUM(F5:BI5) -> 47976 | BK5: =COUNT(F5:BI5) -> 6
C6: =VLOOKUP(D6,Products!B:D,2,FALSE) -> 40740033 | D6: فيبكس كلاسيك 25 جم الشكل الجديد | E6: 49 | G6: 7550 | H6: 15341 | I6: 11675 | BJ6: =SUM(F6:BI6) -> 34566 | BK6: =COUNT(F6:BI6) -> 3
C7: =VLOOKUP(D7,Products!B:D,2,FALSE) -> 40740027 | D7: فيبكس كلاسيك 10 جم الشكل الجديد | E7: 49 | K7: 13170 | L7: 16800 | Z7: 11150 | AB7: 8500 | AC7: 17710 | AF7: 18000 | AG7: 17500 | BJ7: =SUM(F7:BI7) -> 102830 | BK7: =COUNT(F7:BI7) -> 7
C8: =VLOOKUP(D8,Products!B:D,2,FALSE) -> 40740028 | D8: فيبكس رجالي 10 جم الشكل الجديد | E8: 49 | M8: 13259 | N8: 16750 | AA8: 16000 | BJ8: =SUM(F8:BI8) -> 46009 | BK8: =COUNT(F8:BI8) -> 3
C9: =VLOOKUP(D9,Products!B:D,2,FALSE) -> 40740029 | D9: فيبكس حريمي 10 جم الشكل الجديد | E9: 49 | O9: 13320 | T9: 17000 | U9: 10130 | BJ9: =SUM(F9:BI9) -> 40450 | BK9: =COUNT(F9:BI9) -> 3
C10: =VLOOKUP(D10,Products!B:D,2,FALSE) -> 40740032 | D10: فيبكس حريمي 15 جم الشكل الجديد | E10: 49 | U10: 5600 | V10: 16500 | W10: 6135 | BJ10: =SUM(F10:BI10) -> 28235 | BK10: =COUNT(F10:BI10) -> 3
C11: =VLOOKUP(D11,Products!B:D,2,FALSE) -> 40740031 | D11: فيبكس رجالي 15 جم الشكل الجديد | E11: 49 | W11: 10000 | X11: 11500 | AB11: 7110 | BJ11: =SUM(F11:BI11) -> 28610 | BK11: =COUNT(F11:BI11) -> 3
C12: =VLOOKUP(D12,Products!B:D,2,FALSE) -> #N/A | E12: 1 | BJ12: =SUM(F12:BI12) -> 0 | BK12: =COUNT(F12:BI12) -> 0
C13: =VLOOKUP(D13,Products!B:D,2,FALSE) -> #N/A | E13: 1 | BJ13: =SUM(F13:BI13) -> 0 | BK13: =COUNT(F13:BI13) -> 0
C14: =VLOOKUP(D14,Products!B:D,2,FALSE) -> #N/A | E14: 1 | BJ14: =SUM(F14:BI14) -> 0 | BK14: =COUNT(F14:BI14) -> 0
D15: التوالف | F15: =SUM(F16:F23) -> 62 | G15: =SUM(G16:G23) -> 19 | H15: =SUM(H16:H23) -> 197 | I15: =SUM(I16:I23) -> 68 | J15: =SUM(J16:J23) -> 106 | K15: =SUM(K16:K23) -> 90 | L15: =SUM(L16:L23) -> 10 | M15: =SUM(M16:M23) -> 36 | ... BI15: =SUM(BI16:BI23) -> 0 | BJ15: =SUM(F15:BI15) -> 1144 | BK15: =COUNT(F15:BI15) -> 56
D16: (مورد) | BJ16: =SUM(F16:BI16) -> 0 | BK16: =COUNT(F16:BI16) -> 0
D17: عبوة | I17: 25 | K17: 35 | M17: 12 | BJ17: =SUM(F17:BI17) -> 72 | BK17: =COUNT(F17:BI17) -> 3
D18: غطاء | BJ18: =SUM(F18:BI18) -> 0 | BK18: =COUNT(F18:BI18) -> 0
BJ19: =SUM(F19:BI19) -> 0 | BK19: =COUNT(F19:BI19) -> 0
D20: (تشغيل) | BJ20: =SUM(F20:BI20) -> 0 | BK20: =COUNT(F20:BI20) -> 0
D21: عبوة | F21: 62 | G21: 19 | H21: 197 | I21: 43 | J21: 106 | K21: 55 | L21: 10 | M21: 24 | N21: 27 | O21: 16 | T21: 117 | U21: 13 | V21: 107 | W21: 36 | X21: 47 | Y21: 45 | Z21: 32 | AA21: 40 | AB21: 9 | AC21: 8 | AF21: 47 | AG21: 12 | BJ21: =SUM(F21:BI21) -> 1072 | BK21: =COUNT(F21:BI21) -> 22
D22: غطاء | BJ22: =SUM(F22:BI22) -> 0 | BK22: =COUNT(F22:BI22) -> 0
D23: بامب | BJ23: =SUM(F23:BI23) -> 0 | BK23: =COUNT(F23:BI23) -> 0
D24: Unplanned downtime | F24: =SUM(F25:F102) -> 0 | G24: =SUM(G25:G102) -> 25 | H24: =SUM(H25:H102) -> 0 | I24: =SUM(I25:I102) -> 35 | J24: =SUM(J25:J102) -> 127 | K24: =SUM(K25:K102) -> 57 | L24: =SUM(L25:L102) -> 0 | M24: =SUM(M25:M102) -> 20 | ... BI24: =SUM(BI25:BI102) -> 0 | BJ24: =SUM(F24:BI24) -> 564 | BK24: =COUNT(F24:BI24) -> 56
C25: =SUM(BJ26:BJ45) -> 192 | D25: اعطال الصيانة | BJ25: =SUM(F25:BI25) -> 0 | BK25: =COUNT(F25:BI25) -> 0
B26: Machine failure | C26: MF1 | D26: مشكلة فى النزل | BJ26: =SUM(F26:BI26) -> 0 | BK26: =COUNT(F26:BI26) -> 0
B27: Set up& adjustment | C27: ADJ1 | D27: ضبط الميزان | BJ27: =SUM(F27:BI27) -> 0 | BK27: =COUNT(F27:BI27) -> 0
B28: Machine failure | C28: MF2 | D28: مشكلة فى الميزان | BJ28: =SUM(F28:BI28) -> 0 | BK28: =COUNT(F28:BI28) -> 0
B29: Machine failure | C29: MF3 | D29: مشكلة فى المكبس/ذراع العبوات | G29: 25 | BJ29: =SUM(F29:BI29) -> 25 | BK29: =COUNT(F29:BI29) -> 1
B30: Machine failure | C30: MF4 | D30: تسريب الخامة من العبوات | BJ30: =SUM(F30:BI30) -> 0 | BK30: =COUNT(F30:BI30) -> 0
B31: Machine failure | C31: MF5 | D31: مشكة فى ضغط العبوات (اللحام) | BJ31: =SUM(F31:BI31) -> 0 | BK31: =COUNT(F31:BI31) -> 0
B32: Machine failure | C32: MF6 | D32: مشكلة فى السخانات | K32: 20 | N32: 15 | BJ32: =SUM(F32:BI32) -> 35 | BK32: =COUNT(F32:BI32) -> 2
B33: Machine failure | C33: MF7 | D33: ضبط الكاميرا | J33: 15 | K33: 17 | AA33: 10 | BJ33: =SUM(F33:BI33) -> 42 | BK33: =COUNT(F33:BI33) -> 3
B34: Quality losses | C34: Q1 | D34: ضبط الكاميرا | BJ34: =SUM(F34:BI34) -> 0 | BK34: =COUNT(F34:BI34) -> 0
B35: utility loss | C35: UT1 | D35: مشكله في ضغط الهواء (فى الكومبرسور) | Y35: 90 | BJ35: =SUM(F35:BI35) -> 90 | BK35: =COUNT(F35:BI35) -> 1
B36: Machine failure | C36: MF8 | D36: مشكله في خرطوم الهواء | BJ36: =SUM(F36:BI36) -> 0 | BK36: =COUNT(F36:BI36) -> 0
B37: Machine failure | C37: MF9 | D37: ضبط اعدادات الماكينة | BJ37: =SUM(F37:BI37) -> 0 | BK37: =COUNT(F37:BI37) -> 0
B38: Machine failure | C38: MF10 | D38: مشاكل ضخ الخامة | BJ38: =SUM(F38:BI38) -> 0 | BK38: =COUNT(F38:BI38) -> 0
B39: Machine failure | C39: MF11 | D39: تغيير خرطوم الهواء | BJ39: =SUM(F39:BI39) -> 0 | BK39: =COUNT(F39:BI39) -> 0
B40: Machine failure | C40: MF12 | D40: خلل فى سير الماكينة | BJ40: =SUM(F40:BI40) -> 0 | BK40: =COUNT(F40:BI40) -> 0
B41: Set up& adjustment | C41: ADJ2 | D41: ضبط البستم | BJ41: =SUM(F41:BI41) -> 0 | BK41: =COUNT(F41:BI41) -> 0
B42: utility loss | C42: UT2 | D42: انقطاع الكهرباء | BJ42: =SUM(F42:BI42) -> 0 | BK42: =COUNT(F42:BI42) -> 0
B43: Machine failure | C43: MF13 | D43: انقطاع كهرباء الماكينة | BJ43: =SUM(F43:BI43) -> 0 | BK43: =COUNT(F43:BI43) -> 0
B44: Set up& adjustment | C44: ADJ3 | D44: ضبط ماكينة الاستيكر | BJ44: =SUM(F44:BI44) -> 0 | BK44: =COUNT(F44:BI44) -> 0
B45: Machine failure | C45: MF14 | D45: تغيير O ring | BJ45: =SUM(F45:BI45) -> 0 | BK45: =COUNT(F45:BI45) -> 0
B46: Set up& adjustment | C46: ADJ4 | D46: ضبط مكبس الغطاء | BJ46: =SUM(F46:BI46) -> 0 | BK46: =COUNT(F46:BI46) -> 0
B47: Set up& adjustment | C47: ADJ5 | D47: ضبط سلم الغطاء | BJ47: =SUM(F47:BI47) -> 0 | BK47: =COUNT(F47:BI47) -> 0
B48: Set up& adjustment | C48: ADJ6 | D48: ضبط مكبس الفويل | BJ48: =SUM(F48:BI48) -> 0 | BK48: =COUNT(F48:BI48) -> 0
B49: Set up& adjustment | C49: ADJ7 | D49: ضبط نزل العبوات | K49: 20 | BJ49: =SUM(F49:BI49) -> 20 | BK49: =COUNT(F49:BI49) -> 1
B50: Machine failure | C50: MF15 | D50: مشكلة فى المقص | BJ50: =SUM(F50:BI50) -> 0 | BK50: =COUNT(F50:BI50) -> 0
B51: Set up& adjustment | C51: ADJ8 | D51: مشكلة فى ربط الغطاء | BJ51: =SUM(F51:BI51) -> 0 | BK51: =COUNT(F51:BI51) -> 0
B52: utility loss | C52: UT3 | D52: مشكلة فى الشيلر | BJ52: =SUM(F52:BI52) -> 0 | BK52: =COUNT(F52:BI52) -> 0
BJ53: =SUM(F53:BI53) -> 0 | BK53: =COUNT(F53:BI53) -> 0
C54: =SUM(BJ56:BJ80) -> 352 | D54: اعطال الانتاج | BJ54: =SUM(F54:BI54) -> 0 | BK54: =COUNT(F54:BI54) -> 0
B55: Set up& adjustment | C55: ADJ9 | D55: ضبط الكاميرا | BJ55: =SUM(F55:BI55) -> 0 | BK55: =COUNT(F55:BI55) -> 0
B56: Management loss | C56: MG1 | D56: اعطال النقل من مكان لاخر | BJ56: =SUM(F56:BI56) -> 0 | BK56: =COUNT(F56:BI56) -> 0
B57: Management loss | C57: MG2 | D57: عمال غير مدربة | BJ57: =SUM(F57:BI57) -> 0 | BK57: =COUNT(F57:BI57) -> 0
B58: Management loss | C58: MG3 | D58: تنظيف الماكينة | BJ58: =SUM(F58:BI58) -> 0 | BK58: =COUNT(F58:BI58) -> 0
B59: Management loss | C59: MG4 | D59: تنظيف بستم الفويل | BJ59: =SUM(F59:BI59) -> 0 | BK59: =COUNT(F59:BI59) -> 0
B60: Management loss | C60: MG5 | D60: تنظيف سير نقل المنتج | BJ60: =SUM(F60:BI60) -> 0 | BK60: =COUNT(F60:BI60) -> 0
B61: Management loss | C61: MG6 | D61: الوقوف على العبوات المجهزة | BJ61: =SUM(F61:BI61) -> 0 | BK61: =COUNT(F61:BI61) -> 0
B62: Management loss | C62: MG7 | D62: تأخير صرف المستلزمات | BJ62: =SUM(F62:BI62) -> 0 | BK62: =COUNT(F62:BI62) -> 0
B63: Management loss | C63: MG8 | D63: عدم وجود عمالة كافية | BJ63: =SUM(F63:BI63) -> 0 | BK63: =COUNT(F63:BI63) -> 0
B64: Set up& adjustment | C64: ADJ10 | D64: تغيير التانك/باتشة | J64: 7 | X64: 5 | Y64: 20 | AA64: 20 | BJ64: =SUM(F64:BI64) -> 52 | BK64: =COUNT(F64:BI64) -> 4
B65: minor losses | C65: MIN1 | D65: تعبئة | I65: 35 | M65: 20 | BJ65: =SUM(F65:BI65) -> 55 | BK65: =COUNT(F65:BI65) -> 2
B66: Management loss | C66: MG9 | D66: اعطال خط التغليف | BJ66: =SUM(F66:BI66) -> 0 | BK66: =COUNT(F66:BI66) -> 0
B67: Start up loss | C67: SU1 | D67: تغيير حجم المنتج على الماكينة | BJ67: =SUM(F67:BI67) -> 0 | BK67: =COUNT(F67:BI67) -> 0
B68: Machine failure | C68: MF16 | D68: مشاكل ضخ الخامة | BJ68: =SUM(F68:BI68) -> 0 | BK68: =COUNT(F68:BI68) -> 0
B69: Set up& adjustment | C69: ADJ11 | D69: ضبط مكبس الغطاء | BJ69: =SUM(F69:BI69) -> 0 | BK69: =COUNT(F69:BI69) -> 0
B70: Set up& adjustment | C70: AD12 | D70: ضبط سلم الغطاء | BJ70: =SUM(F70:BI70) -> 0 | BK70: =COUNT(F70:BI70) -> 0
B71: Quality losses | C71: ADJ12 | D71: ضبط سلم الغطاء | BJ71: =SUM(F71:BI71) -> 0 | BK71: =COUNT(F71:BI71) -> 0
B72: Set up& adjustment | C72: ADJ13 | D72: ضبط مكبس الفويل | BJ72: =SUM(F72:BI72) -> 0 | BK72: =COUNT(F72:BI72) -> 0
B73: Set up& adjustment | C73: ADJ14 | D73: ضبط نزل العبوات | BJ73: =SUM(F73:BI73) -> 0 | BK73: =COUNT(F73:BI73) -> 0
B74: Quality losses | C74: Q3 | D74: ضبط نزل العبوات | BJ74: =SUM(F74:BI74) -> 0 | BK74: =COUNT(F74:BI74) -> 0
B75: Start up loss | C75: SU2 | D75: مشكلة فى الطباعة | BJ75: =SUM(F75:BI75) -> 0 | BK75: =COUNT(F75:BI75) -> 0
B76: Set up& adjustment | C76: ADJ15 | D76: تغيير الرول | BJ76: =SUM(F76:BI76) -> 0 | BK76: =COUNT(F76:BI76) -> 0
B77: Start up loss | C77: SU3 | D77: بداية التشغيل | BJ77: =SUM(F77:BI77) -> 0 | BK77: =COUNT(F77:BI77) -> 0
B78: Start up loss | C78: SU4 | D78: Changover | J78: 105 | U78: 35 | W78: 30 | X78: 25 | Z78: 40 | AB78: 10 | BJ78: =SUM(F78:BI78) -> 245
B79: minor losses | C79: MIN2 | D79: التشغيل بسرعة اقل | BJ79: =SUM(F79:BI79) -> 0 | BK79: =COUNT(F79:BI79) -> 0
BJ80: =SUM(F80:BI80) -> 0 | BK80: =COUNT(F80:BI80) -> 0
C81: =SUM(BJ82:BJ84) -> 0 | D81: أعطال التخطيط | BJ81: =SUM(F81:BI81) -> 0 | BK81: =COUNT(F81:BI81) -> 0
B82: Management loss | C82: MG10 | D82: الوقوف على المستلزمات (تخطيط) | BJ82: =SUM(F82:BI82) -> 0 | BK82: =COUNT(F82:BI82) -> 0
BJ83: =SUM(F83:BI83) -> 0 | BK83: =COUNT(F83:BI83) -> 0
BJ84: =SUM(F84:BI84) -> 0 | BK84: =COUNT(F84:BI84) -> 0
C85: =SUM(BJ86:BJ88) -> 0 | D85: أعطال المخزن | BJ85: =SUM(F85:BI85) -> 0 | BK85: =COUNT(F85:BI85) -> 0
B86: Management loss | C86: MG11 | D86: الوقوف على المستلزمات (مخزن) | BJ86: =SUM(F86:BI86) -> 0 | BK86: =COUNT(F86:BI86) -> 0
BJ87: =SUM(F87:BI87) -> 0 | BK87: =COUNT(F87:BI87) -> 0
BJ88: =SUM(F88:BI88) -> 0 | BK88: =COUNT(F88:BI88) -> 0
C89: =SUM(BJ90:BJ96) -> 0 | D89: أعطال الجودة | BJ89: =SUM(F89:BI89) -> 0 | BK89: =COUNT(F89:BI89) -> 0
B90: Quality losses | C90: Q4 | D90: مشكلة فى العبوات | BJ90: =SUM(F90:BI90) -> 0 | BK90: =COUNT(F90:BI90) -> 0
B91: Quality losses | C91: Q5 | D91: مشكلة فى الخامة | BJ91: =SUM(F91:BI91) -> 0 | BK91: =COUNT(F91:BI91) -> 0
B92: Quality losses | C92: Q6 | D92: مشكلة فى السليف | BJ92: =SUM(F92:BI92) -> 0 | BK92: =COUNT(F92:BI92) -> 0
B93: Quality losses | C93: Q7 | D93: مشكلة فى الاستيكر | BJ93: =SUM(F93:BI93) -> 0 | BK93: =COUNT(F93:BI93) -> 0
B94: Quality losses | C94: Q8 | D94: تأخير محضر فحص | BJ94: =SUM(F94:BI94) -> 0 | BK94: =COUNT(F94:BI94) -> 0
B95: Management loss | C95: MG12 | D95: تأخير محضر فحص | BJ95: =SUM(F95:BI95) -> 0 | BK95: =COUNT(F95:BI95) -> 0
BJ96: =SUM(F96:BI96) -> 0 | BK96: =COUNT(F96:BI96) -> 0
C97: =SUM(BJ98:BJ102) -> 0 | D97: أعطال التصنيع | BJ97: =SUM(F97:BI97) -> 0 | BK97: =COUNT(F97:BI97) -> 0
B98: Management loss | C98: MG13 | D98: الوقوف على الخامة | BJ98: =SUM(F98:BI98) -> 0 | BK98: =COUNT(F98:BI98) -> 0
B99: Quality losses | C99: Q9 | D99: مشكلة فى الخامة | BJ99: =SUM(F99:BI99) -> 0 | BK99: =COUNT(F99:BI99) -> 0
B100: Quality losses | C100: Q10 | D100: وجود فوم فى الخامة | BJ100: =SUM(F100:BI100) -> 0 | BK100: =COUNT(F100:BI100) -> 0
...

Sheet Techno
F1: =SUM(F5:F24) -> 0 | G1: =SUM(G5:G24) -> 0 | H1: =SUM(H5:H24) -> 0 | I1: =SUM(I5:I24) -> 0 | J1: =SUM(J5:J24) -> 0 | K1: =SUM(K5:K24) -> 0 | L1: =SUM(L5:L24) -> 0 | M1: =SUM(M5:M24) -> 0 | ... BJ1: =SUM(BJ5:BJ24) -> 9702
C2: Date | F2: 46082 | H2: 46083 | J2: 46084 | L2: 46085 | N2: 46086 | P2: 46087 | R2: 46088 | T2: 46089 | V2: 46090 | X2: 46091 | Z2: 46092 | AB2: 46093 | AD2: 46094 | AF2: 46095 | AH2: 46096 | AJ2: 46097 | AL2: 46098 | AN2: 46099 | AP2: 46100 | AR2: 46101 | AT2: 46102 | AV2: 46103 | AX2: 46104 | AZ2: 46105 | BB2: 46106 | BD2: 46107 | BF2: 46108 | BH2: 46109
C3: Shift | F3: sh1 | G3: sh2 | H3: sh1 | I3: sh2 | J3: sh1 | K3: sh2 | L3: sh1 | M3: sh2 | N3: sh1 | O3: sh2 | P3: sh1 | Q3: sh2 | R3: sh1 | S3: sh2 | T3: sh1 | U3: sh2 | V3: sh1 | W3: sh2 | X3: sh1 | Y3: sh2 | Z3: sh1 | AA3: sh2 | AB3: sh1 | AC3: sh2 | AD3: sh1 | AE3: sh2 | AF3: sh1 | AG3: sh2 | AH3: sh1 | AI3: sh2 | AJ3: sh1 | AK3: sh2 | AL3: sh1 | AM3: sh2 | AN3: sh1 | AO3: sh2 | AP3: sh1 | AQ3: sh2 | AR3: sh1 | AS3: sh2 | AT3: sh1 | AU3: sh2 | AV3: sh1 | AW3: sh2 | AX3: sh1 | AY3: sh2 | AZ3: sh1 | BA3: sh2 | BB3: sh1 | BC3: sh2 | BD3: sh1 | BE3: sh2 | BF3: sh1 | BG3: sh2 | BH3: sh1 | BI3: sh2
C4: Item code | D4: Item description | E4: Rate | F4: الاحد | H4: الاثنين | J4: الثلاثاء | L4: الاربعاء | N4: الخميس | P4: الجمعة | R4: السبت | T4: الاحد | V4: الاثنين | X4: الثلاثاء | Z4: الاربعاء | AB4: الخميس | AD4: الجمعة | AF4: السبت | AH4: الاحد | AJ4: الاثنين | AL4: الثلاثاء | AN4: الاربعاء | AP4: الخميس | AR4: الجمعة | AT4: السبت | AV4: الاحد | AX4: الاثنين | AZ4: الثلاثاء | BB4: الاربعاء | BD4: الخميس | BF4: الجمعة | BH4: السبت
C5: =VLOOKUP(D5,Products!B:D,2,FALSE) -> 41815002 | D5: كير اند مور كريم لليدين سيكرت تاتش 50مل | E5: 20 | Z5: 4000 | AB5: 3400 | AF5: 2302 | BJ5: =SUM(F5:BI5) -> 9702 | BK5: =COUNT(F5:BI5) -> 3
C6: =VLOOKUP(D6,Products!B:D,2,FALSE) -> #N/A | E6: 1 | BJ6: =SUM(F6:BI6) -> 0 | BK6: =COUNT(F6:BI6) -> 0
C7: =VLOOKUP(D7,Products!B:D,2,FALSE) -> #N/A | E7: 1 | BJ7: =SUM(F7:BI7) -> 0 | BK7: =COUNT(F7:BI7) -> 0
C8: =VLOOKUP(D8,Products!B:D,2,FALSE) -> #N/A | E8: 1 | BJ8: =SUM(F8:BI8) -> 0 | BK8: =COUNT(F8:BI8) -> 0
C9: =VLOOKUP(D9,Products!B:D,2,FALSE) -> #N/A | E9: 1 | BJ9: =SUM(F9:BI9) -> 0 | BK9: =COUNT(F9:BI9) -> 0
C10: =VLOOKUP(D10,Products!B:D,2,FALSE) -> #N/A | E10: 1 | BJ10: =SUM(F10:BI10) -> 0 | BK10: =COUNT(F10:BI10) -> 0
C11: =VLOOKUP(D11,Products!B:D,2,FALSE) -> #N/A | E11: 1 | BJ11: =SUM(F11:BI11) -> 0 | BK11: =COUNT(F11:BI11) -> 0
C12: =VLOOKUP(D12,Products!B:D,2,FALSE) -> #N/A | E12: 1 | BJ12: =SUM(F12:BI12) -> 0 | BK12: =COUNT(F12:BI12) -> 0
C13: =VLOOKUP(D13,Products!B:D,2,FALSE) -> #N/A | E13: 1 | BJ13: =SUM(F13:BI13) -> 0 | BK13: =COUNT(F13:BI13) -> 0
C14: =VLOOKUP(D14,Products!B:D,2,FALSE) -> #N/A | E14: 1 | BJ14: =SUM(F14:BI14) -> 0 | BK14: =COUNT(F14:BI14) -> 0
C15: =VLOOKUP(D15,Products!B:D,2,FALSE) -> #N/A | E15: 1 | BJ15: =SUM(F15:BI15) -> 0 | BK15: =COUNT(F15:BI15) -> 0
C16: =VLOOKUP(D16,Products!B:D,2,FALSE) -> #N/A | E16: 1 | BJ16: =SUM(F16:BI16) -> 0 | BK16: =COUNT(F16:BI16) -> 0
C17: =VLOOKUP(D17,Products!B:D,2,FALSE) -> #N/A | D17: `` | E17: 1 | BJ17: =SUM(F17:BI17) -> 0 | BK17: =COUNT(F17:BI17) -> 0
C18: =VLOOKUP(D18,Products!B:D,2,FALSE) -> #N/A | E18: 1 | BJ18: =SUM(F18:BI18) -> 0 | BK18: =COUNT(F18:BI18) -> 0
C19: =VLOOKUP(D19,Products!B:D,2,FALSE) -> #N/A | E19: 1 | BJ19: =SUM(F19:BI19) -> 0 | BK19: =COUNT(F19:BI19) -> 0
C20: =VLOOKUP(D20,Products!B:D,2,FALSE) -> #N/A | E20: 1 | BJ20: =SUM(F20:BI20) -> 0 | BK20: =COUNT(F20:BI20) -> 0
C21: =VLOOKUP(D21,Products!B:D,2,FALSE) -> #N/A | E21: 1 | BJ21: =SUM(F21:BI21) -> 0 | BK21: =COUNT(F21:BI21) -> 0
C22: =VLOOKUP(D22,Products!B:D,2,FALSE) -> #N/A | E22: 1 | BJ22: =SUM(F22:BI22) -> 0 | BK22: =COUNT(F22:BI22) -> 0
C23: =VLOOKUP(D23,Products!B:D,2,FALSE) -> #N/A | E23: 1 | BJ23: =SUM(F23:BI23) -> 0 | BK23: =COUNT(F23:BI23) -> 0
C24: =VLOOKUP(D24,Products!B:D,2,FALSE) -> #N/A | E24: 1 | BJ24: =SUM(F24:BI24) -> 0 | BK24: =COUNT(F24:BI24) -> 0
D25: التوالف | F25: =SUM(F26:F34) -> 0 | G25: =SUM(G26:G34) -> 0 | H25: =SUM(H26:H34) -> 0 | I25: =SUM(I26:I34) -> 0 | J25: =SUM(J26:J34) -> 0 | K25: =SUM(K26:K34) -> 0 | L25: =SUM(L26:L34) -> 0 | M25: =SUM(M26:M34) -> 0 | ... O25: =SUM(O26:O34) -> 0 | Q25: =SUM(Q26:Q34) -> 0 | R25: =SUM(R26:R34) -> 0 | S25: =SUM(S26:S34) -> 0 | T25: =SUM(T26:T34) -> 0 | U25: =SUM(U26:U34) -> 0 | V25: =SUM(V26:V34) -> 0 | W25: =SUM(W26:W34) -> 0 | X25: =SUM(X26:X34) -> 0 | ... BI25: =SUM(BI26:BI34) -> 0 | BJ25: =SUM(F25:BI25) -> 1150 | BK25: =COUNT(F25:BI25) -> 55
D26: (مورد) | BJ26: =SUM(F26:BI26) -> 0 | BK26: =COUNT(F26:BI26) -> 0
D27: عبوة | BJ27: =SUM(F27:BI27) -> 0 | BK27: =COUNT(F27:BI27) -> 0
D28: غطاء | BJ28: =SUM(F28:BI28) -> 0 | BK28: =COUNT(F28:BI28) -> 0
BJ29: =SUM(F29:BI29) -> 0 | BK29: =COUNT(F29:BI29) -> 0
D30: (تشغيل) | BJ30: =SUM(F30:BI30) -> 0 | BK30: =COUNT(F30:BI30) -> 0
D31: عبوة | Z31: 650 | AB31: 500 | BJ31: =SUM(F31:BI31) -> 1150 | BK31: =COUNT(F31:BI31) -> 2
D32: غطاء | BJ32: =SUM(F32:BI32) -> 0 | BK32: =COUNT(F32:BI32) -> 0
D33: بامب | BJ33: =SUM(F33:BI33) -> 0 | BK33: =COUNT(F33:BI33) -> 0
BJ34: =SUM(F34:BI34) -> 0 | BK34: =COUNT(F34:BI34) -> 0
D35: Unplanned downtime | F35: =SUM(F36:F113) -> 0 | G35: =SUM(G36:G113) -> 0 | H35: =SUM(H36:H113) -> 0 | I35: =SUM(I36:I113) -> 0 | J35: =SUM(J36:J113) -> 0 | K35: =SUM(K36:K113) -> 0 | L35: =SUM(L36:L113) -> 0 | M35: =SUM(M36:M113) -> 0 | ... O35: =SUM(O36:O113) -> 0 | Q35: =SUM(Q36:Q113) -> 0 | R35: =SUM(R36:R113) -> 0 | S35: =SUM(S36:S113) -> 0 | T35: =SUM(T36:T113) -> 0 | U35: =SUM(U36:U113) -> 0 | V35: =SUM(V36:V113) -> 0 | W35: =SUM(W36:W113) -> 0 | X35: =SUM(X36:X113) -> 0 | ... BI35: =SUM(BI36:BI113) -> 0 | BJ35: =SUM(F35:BI35) -> 335 | BK35: =COUNT(F35:BI35) -> 55
C36: =SUM(BJ37:BJ56) -> 335 | D36: اعطال الصيانة | BJ36: =SUM(F36:BI36) -> 0 | BK36: =COUNT(F36:BI36) -> 0
B37: Machine failure | C37: MF1 | D37: مشكلة فى النزل | BJ37: =SUM(F37:BI37) -> 0 | BK37: =COUNT(F37:BI37) -> 0
B38: Set up& adjustment | C38: ADJ1 | D38: ضبط الميزان | BJ38: =SUM(F38:BI38) -> 0 | BK38: =COUNT(F38:BI38) -> 0
B39: Machine failure | C39: MF2 | D39: مشكلة فى الميزان | BJ39: =SUM(F39:BI39) -> 0 | BK39: =COUNT(F39:BI39) -> 0
B40: Machine failure | C40: MF3 | D40: مشكلة فى المكبس | BJ40: =SUM(F40:BI40) -> 0 | BK40: =COUNT(F40:BI40) -> 0
B41: Machine failure | C41: MF4 | D41: تسريب الخامة من العبوات | Z41: 85 | AB41: 180 | BJ41: =SUM(F41:BI41) -> 265 | BK41: =COUNT(F41:BI41) -> 2
B42: Machine failure | C42: MF5 | D42: مشكة فى ضغط العبوات (اللحام) | BJ42: =SUM(F42:BI42) -> 0 | BK42: =COUNT(F42:BI42) -> 0
B43: Machine failure | C43: MF6 | D43: مشكلة فى السخانات | BJ43: =SUM(F43:BI43) -> 0 | BK43: =COUNT(F43:BI43) -> 0
B44: Machine failure | C44: MF7 | D44: ضبط الكاميرا | Z44: 70 | BJ44: =SUM(F44:BI44) -> 70 | BK44: =COUNT(F44:BI44) -> 1
B45: Quality losses | C45: Q1 | D45: ضبط الكاميرا | BJ45: =SUM(F45:BI45) -> 0 | BK45: =COUNT(F45:BI45) -> 0
B46: utility loss | C46: UT1 | D46: مشكله في ضغط الهواء (فى الكومبرسور) | BJ46: =SUM(F46:BI46) -> 0 | BK46: =COUNT(F46:BI46) -> 0
B47: Machine failure | C47: MF8 | D47: مشكله في خرطوم الهواء | BJ47: =SUM(F47:BI47) -> 0 | BK47: =COUNT(F47:BI47) -> 0
B48: Machine failure | C48: MF9 | D48: ضبط اعدادات الماكينة | BJ48: =SUM(F48:BI48) -> 0 | BK48: =COUNT(F48:BI48) -> 0
B49: Machine failure | C49: MF10 | D49: مشاكل ضخ الخامة | BJ49: =SUM(F49:BI49) -> 0 | BK49: =COUNT(F49:BI49) -> 0
B50: Machine failure | C50: MF11 | D50: تغيير خرطوم الهواء | BJ50: =SUM(F50:BI50) -> 0 | BK50: =COUNT(F50:BI50) -> 0
B51: Machine failure | C51: MF12 | D51: خلل فى سير الماكينة | BJ51: =SUM(F51:BI51) -> 0 | BK51: =COUNT(F51:BI51) -> 0
B52: Set up& adjustment | C52: ADJ2 | D52: ضبط البستم | BJ52: =SUM(F52:BI52) -> 0 | BK52: =COUNT(F52:BI52) -> 0
B53: utility loss | C53: UT2 | D53: انقطاع الكهرباء | BJ53: =SUM(F53:BI53) -> 0 | BK53: =COUNT(F53:BI53) -> 0
B54: Machine failure | C54: MF13 | D54: انقطاع كهرباء الماكينة | BJ54: =SUM(F54:BI54) -> 0 | BK54: =COUNT(F54:BI54) -> 0
B55: Set up& adjustment | C55: ADJ3 | D55: ضبط ماكينة الاستيكر | BJ55: =SUM(F55:BI55) -> 0 | BK55: =COUNT(F55:BI55) -> 0
B56: Machine failure | C56: MF14 | D56: تغيير O ring | BJ56: =SUM(F56:BI56) -> 0 | BK56: =COUNT(F56:BI56) -> 0
... B63: utility loss | C63: UT3 | D63: مشكلة فى الشيلر | BJ63: =SUM(F63:BI63) -> 0 | BK63: =COUNT(F63:BI63) -> 0
BJ64: =SUM(F64:BI64) -> 0 | BK64: =COUNT(F64:BI64) -> 0
C65: =SUM(BJ67:BJ91) -> 0 | D65: اعطال الانتاج | BJ65: =SUM(F65:BI65) -> 0 | BK65: =COUNT(F65:BI65) -> 0
B66: Set up& adjustment | C66: ADJ9 | D66: ضبط الكاميرا | BJ66: =SUM(F66:BI66) -> 0 | BK66: =COUNT(F66:BI66) -> 0
B67: Management loss | C67: MG1 | D67: اعطال النقل من مكان لاخر | BJ67: =SUM(F67:BI67) -> 0 | BK67: =COUNT(F67:BI67) -> 0
B68: Management loss | C68: MG2 | D68: عمال غير مدربة | BJ68: =SUM(F68:BI68) -> 0 | BK68: =COUNT(F68:BI68) -> 0
B69: Management loss | C69: MG3 | D69: تنظيف الماكينة | BJ69: =SUM(F69:BI69) -> 0 | BK69: =COUNT(F69:BI69) -> 0
B70: Management loss | C70: MG4 | D70: تنظيف بستم الفويل | BJ70: =SUM(F70:BI70) -> 0 | BK70: =COUNT(F70:BI70) -> 0
B71: Management loss | C71: MG5 | D71: تنظيف سير نقل المنتج | BJ71: =SUM(F71:BI71) -> 0 | BK71: =COUNT(F71:BI71) -> 0
B72: Management loss | C72: MG6 | D72: الوقوف على العبوات المجهزة | BJ72: =SUM(F72:BI72) -> 0 | BK72: =COUNT(F72:BI72) -> 0
B73: Management loss | C73: MG7 | D73: تأخير صرف المستلزمات | BJ73: =SUM(F73:BI73) -> 0 | BK73: =COUNT(F73:BI73) -> 0
B74: Management loss | C74: MG8 | D74: عدم وجود عمالة كافية | BJ74: =SUM(F74:BI74) -> 0 | BK74: =COUNT(F74:BI74) -> 0
B75: Set up& adjustment | C75: ADJ10 | D75: تغيير التانك | BJ75: =SUM(F75:BI75) -> 0 | BK75: =COUNT(F75:BI75) -> 0
B76: minor losses | C76: MIN1 | D76: تعبئة | BJ76: =SUM(F76:BI76) -> 0 | BK76: =COUNT(F76:BI76) -> 0
B77: Management loss | C77: MG9 | D77: اعطال خط التغليف | BJ77: =SUM(F77:BI77) -> 0 | BK77: =COUNT(F77:BI77) -> 0
... B88: Start up loss | C88: SU3 | D88: بداية التشغيل | BJ88: =SUM(F88:BI88) -> 0 | BK88: =COUNT(F88:BI88) -> 0
B89: Start up loss | C89: SU4 | D89: Changover | BJ89: =SUM(F89:BI89) -> 0
B90: minor losses | C90: MIN2 | D90: التشغيل بسرعة اقل | BJ90: =SUM(F90:BI90) -> 0 | BK90: =COUNT(F90:BI90) -> 0
BJ91: =SUM(F91:BI91) -> 0 | BK91: =COUNT(F91:BI91) -> 0
C92: =SUM(BJ93:BJ95) -> 0 | D92: أعطال التخطيط | BJ92: =SUM(F92:BI92) -> 0 | BK92: =COUNT(F92:BI92) -> 0
B93: Management loss | C93: MG10 | D93: الوقوف على المستلزمات (تخطيط) | BJ93: =SUM(F93:BI93) -> 0 | BK93: =COUNT(F93:BI93) -> 0
BJ94: =SUM(F94:BI94) -> 0 | BK94: =COUNT(F94:BI94) -> 0
BJ95: =SUM(F95:BI95) -> 0 | BK95: =COUNT(F95:BI95) -> 0
C96: =SUM(BJ97:BJ99) -> 0 | D96: أعطال المخزن | BJ96: =SUM(F96:BI96) -> 0 | BK96: =COUNT(F96:BI96) -> 0
B97: Management loss | C97: MG11 | D97: الوقوف على المستلزمات (مخزن) | BJ97: =SUM(F97:BI97) -> 0 | BK97: =COUNT(F97:BI97) -> 0
BJ98: =SUM(F98:BI98) -> 0 | BK98: =COUNT(F98:BI98) -> 0
BJ99: =SUM(F99:BI99) -> 0 | BK99: =COUNT(F99:BI99) -> 0
C100: =SUM(BJ101:BJ107) -> 0 | D100: أعطال الجودة | BJ100: =SUM(F100:BI100) -> 0 | BK100: =COUNT(F100:BI100) -> 0
B101: Quality losses | C101: Q4 | D101: مشكلة فى العبوات | BJ101: =SUM(F101:BI101) -> 0 | BK101: =COUNT(F101:BI101) -> 0
B102: Quality losses | C102: Q5 | D102: مشكلة فى الخامة | BJ102: =SUM(F102:BI102) -> 0 | BK102: =COUNT(F102:BI102) -> 0
B103: Quality losses | C103: Q6 | D103: مشكلة فى السليف | BJ103: =SUM(F103:BI103) -> 0 | BK103: =COUNT(F103:BI103) -> 0
B104: Quality losses | C104: Q7 | D104: مشكلة فى الاستيكر | BJ104: =SUM(F104:BI104) -> 0 | BK104: =COUNT(F104:BI104) -> 0
B105: Quality losses | C105: Q8 | D105: تأخير محضر فحص | BJ105: =SUM(F105:BI105) -> 0 | BK105: =COUNT(F105:BI105) -> 0
B106: Management loss | C106: MG12 | D106: تأخير محضر فحص | BJ106: =SUM(F106:BI106) -> 0 | BK106: =COUNT(F106:BI106) -> 0
BJ107: =SUM(F107:BI107) -> 0 | BK107: =COUNT(F107:BI107) -> 0
C108: =SUM(BJ109:BJ113) -> 0 | D108: أعطال التصنيع | BJ108: =SUM(F108:BI108) -> 0 | BK108: =COUNT(F108:BI108) -> 0
B109: Management loss | C109: MG13 | D109: الوقوف على الخامة | BJ109: =SUM(F109:BI109) -> 0 | BK109: =COUNT(F109:BI109) -> 0
B110: Quality losses | C110: Q9 | D110: مشكلة فى الخامة | BJ110: =SUM(F110:BI110) -> 0 | BK110: =COUNT(F110:BI110) -> 0
B111: Quality losses | C111: Q10 | D111: وجود فوم فى الخامة | BJ111: =SUM(F111:BI111) -> 0 | BK111: =COUNT(F111:BI111) -> 0
BJ112: =SUM(F112:BI112) -> 0 | BK112: =COUNT(F112:BI112) -> 0
BJ113: =SUM(F113:BI113) -> 0 | BK113: =COUNT(F113:BI113) -> 0
D114: عدد العمال المطلوب | BJ114: =SUM(F114:BI114) -> 0
D115: عدد العمال الفعلى | BJ115: =SUM(F115:BI115) -> 0
D116: shift | Z116: 6 | AB116: 6 | AF116: 6 | BJ116: =SUM(F116:BI116) -> 18
...

Sheet Cream1
F1: =SUM(F5:F29) -> 9850 | G1: =SUM(G5:G29) -> 0 | H1: =SUM(H5:H29) -> 9601 | I1: =SUM(I5:I29) -> 0 | J1: =SUM(J5:J29) -> 4274 | K1: =SUM(K5:K29) -> 0 | L1: =SUM(L5:L29) -> 0 | M1: =SUM(M5:M29) -> 0 | ... BJ1: =SUM(BJ5:BJ29) -> 40813
C2: Date | F2: 46082 | H2: 46083 | J2: 46084 | L2: 46085 | N2: 46086 | P2: 46087 | R2: 46088 | T2: 46089 | V2: 46090 | X2: 46091 | Z2: 46092 | AB2: 46093 | AD2: 46094 | AF2: 46095 | AH2: 46096 | AJ2: 46097 | AL2: 46098 | AN2: 46099 | AP2: 46100 | AR2: 46101 | AT2: 46102 | AV2: 46103 | AX2: 46104 | AZ2: 46105 | BB2: 46106 | BD2: 46107 | BF2: 46108 | BH2: 46109
C3: Shift | F3: sh1 | G3: sh2 | H3: sh1 | I3: sh2 | J3: sh1 | K3: sh2 | L3: sh1 | M3: sh2 | N3: sh1 | O3: sh2 | P3: sh1 | Q3: sh2 | R3: sh1 | S3: sh2 | T3: sh1 | U3: sh2 | V3: sh1 | W3: sh2 | X3: sh1 | Y3: sh2 | Z3: sh1 | AA3: sh2 | AB3: sh1 | AC3: sh2 | AD3: sh1 | AE3: sh2 | AF3: sh1 | AG3: sh2 | AH3: sh1 | AI3: sh2 | AJ3: sh1 | AK3: sh2 | AL3: sh1 | AM3: sh2 | AN3: sh1 | AO3: sh2 | AP3: sh1 | AQ3: sh2 | AR3: sh1 | AS3: sh2 | AT3: sh1 | AU3: sh2 | AV3: sh1 | AW3: sh2 | AX3: sh1 | AY3: sh2 | AZ3: sh1 | BA3: sh2 | BB3: sh1 | BC3: sh2 | BD3: sh1 | BE3: sh2 | BF3: sh1 | BG3: sh2 | BH3: sh1 | BI3: sh2
C4: Item code | D4: Item description | E4: Rate | F4: الاحد | H4: الاثنين | J4: الثلاثاء | L4: الاربعاء | N4: الخميس | P4: الجمعة | R4: السبت | T4: الاحد | V4: الاثنين | X4: الثلاثاء | Z4: الاربعاء | AB4: الخميس | AD4: الجمعة | AF4: السبت | AH4: الاحد | AJ4: الاثنين | AL4: الثلاثاء | AN4: الاربعاء | AP4: الخميس | AR4: الجمعة | AT4: السبت | AV4: الاحد | AX4: الاثنين | AZ4: الثلاثاء | BB4: الاربعاء | BD4: الخميس | BF4: الجمعة | BH4: السبت
C5: =VLOOKUP(D5,Products!B:D,2,FALSE) -> 41870004 | D5: كير اند مور سوفت كريم جلسرين بشرة جافة 75مل | E5: 33 | F5: 9850 | H5: 3941 | BJ5: =SUM(F5:BI5) -> 13791 | BK5: =COUNT(F5:BI5) -> 2
C6: =VLOOKUP(D6,Products!B:D,2,FALSE) -> 41880004 | D6: كير اند مور سوفت كريم جلسرين و جوز هند 75مل | E6: 33 | H6: 5660 | J6: 4274 | N6: 2573 | T6: 2099 | BJ6: =SUM(F6:BI6) -> 14606 | BK6: =COUNT(F6:BI6) -> 4
C7: =VLOOKUP(D7,Products!B:D,2,FALSE) -> 40300002 | D7: GLYSOLID Cream - Alum-Tin 40gm | E7: 33 | V7: 7716 | X7: 4700 | BJ7: =SUM(F7:BI7) -> 12416 | BK7: =COUNT(F7:BI7) -> 2
C8: =VLOOKUP(D8,Products!B:D,2,FALSE) -> #N/A | E8: 1 | BJ8: =SUM(F8:BI8) -> 0 | BK8: =COUNT(F8:BI8) -> 0
C9: =VLOOKUP(D9,Products!B:D,2,FALSE) -> #N/A | E9: 1 | BJ9: =SUM(F9:BI9) -> 0 | BK9: =COUNT(F9:BI9) -> 0
C10: =VLOOKUP(D10,Products!B:D,2,FALSE) -> #N/A | E10: 1 | BJ10: =SUM(F10:BI10) -> 0 | BK10: =COUNT(F10:BI10) -> 0
C11: =VLOOKUP(D11,Products!B:D,2,FALSE) -> #N/A | E11: 1 | BJ11: =SUM(F11:BI11) -> 0 | BK11: =COUNT(F11:BI11) -> 0
C12: =VLOOKUP(D12,Products!B:D,2,FALSE) -> #N/A | E12: 1 | BJ12: =SUM(F12:BI12) -> 0 | BK12: =COUNT(F12:BI12) -> 0
C13: =VLOOKUP(D13,Products!B:D,2,FALSE) -> #N/A | E13: 1 | BJ13: =SUM(F13:BI13) -> 0 | BK13: =COUNT(F13:BI13) -> 0
C14: =VLOOKUP(D14,Products!B:D,2,FALSE) -> #N/A | E14: 1 | BJ14: =SUM(F14:BI14) -> 0 | BK14: =COUNT(F14:BI14) -> 0
C15: =VLOOKUP(D15,Products!B:D,2,FALSE) -> #N/A | E15: 1 | BJ15: =SUM(F15:BI15) -> 0 | BK15: =COUNT(F15:BI15) -> 0
C16: =VLOOKUP(D16,Products!B:D,2,FALSE) -> #N/A | E16: 1 | BJ16: =SUM(F16:BI16) -> 0 | BK16: =COUNT(F16:BI16) -> 0
C17: =VLOOKUP(D17,Products!B:D,2,FALSE) -> #N/A | E17: 1 | BJ17: =SUM(F17:BI17) -> 0 | BK17: =COUNT(F17:BI17) -> 0
C18: =VLOOKUP(D18,Products!B:D,2,FALSE) -> #N/A | E18: 1 | BJ18: =SUM(F18:BI18) -> 0 | BK18: =COUNT(F18:BI18) -> 0
C19: =VLOOKUP(D19,Products!B:D,2,FALSE) -> #N/A | E19: 1 | BJ19: =SUM(F19:BI19) -> 0 | BK19: =COUNT(F19:BI19) -> 0
... C21: =VLOOKUP(D21,Products!B:D,2,FALSE) -> #N/A | E21: 1 | BJ21: =SUM(F21:BI21) -> 0 | BK21: =COUNT(F21:BI21) -> 0
C22: =VLOOKUP(D22,Products!B:D,2,FALSE) -> #N/A | D22: `` | E22: 1 | BJ22: =SUM(F22:BI22) -> 0 | BK22: =COUNT(F22:BI22) -> 0
C23: =VLOOKUP(D23,Products!B:D,2,FALSE) -> #N/A | E23: 1 | BJ23: =SUM(F23:BI23) -> 0 | BK23: =COUNT(F23:BI23) -> 0
C24: =VLOOKUP(D24,Products!B:D,2,FALSE) -> #N/A | E24: 1 | BJ24: =SUM(F24:BI24) -> 0 | BK24: =COUNT(F24:BI24) -> 0
C25: =VLOOKUP(D25,Products!B:D,2,FALSE) -> #N/A | E25: 1 | BJ25: =SUM(F25:BI25) -> 0 | BK25: =COUNT(F25:BI25) -> 0
C26: =VLOOKUP(D26,Products!B:D,2,FALSE) -> #N/A | E26: 1 | BJ26: =SUM(F26:BI26) -> 0 | BK26: =COUNT(F26:BI26) -> 0
C27: =VLOOKUP(D27,Products!B:D,2,FALSE) -> #N/A | E27: 1 | BJ27: =SUM(F27:BI27) -> 0 | BK27: =COUNT(F27:BI27) -> 0
C28: =VLOOKUP(D28,Products!B:D,2,FALSE) -> #N/A | E28: 1 | BJ28: =SUM(F28:BI28) -> 0 | BK28: =COUNT(F28:BI28) -> 0
C29: =VLOOKUP(D29,Products!B:D,2,FALSE) -> #N/A | E29: 1 | BJ29: =SUM(F29:BI29) -> 0 | BK29: =COUNT(F29:BI29) -> 0
D30: التوالف | F30: =SUM(F31:F39) -> 140 | G30: =SUM(G31:G39) -> 0 | H30: =SUM(H31:H39) -> 149 | I30: =SUM(I31:I39) -> 0 | J30: =SUM(J31:J39) -> 111 | K30: =SUM(K31:K39) -> 0 | L30: =SUM(L31:L39) -> 0 | M30: =SUM(M31:M39) -> 0 | ... BI30: =SUM(BI31:BI39) -> 0 | BJ30: =SUM(F30:BI30) -> 427 | BK30: =COUNT(F30:BI30) -> 56
D31: (مورد) | BJ31: =SUM(F31:BI31) -> 0 | BK31: =COUNT(F31:BI31) -> 0
D32: عبوة | BJ32: =SUM(F32:BI32) -> 0 | BK32: =COUNT(F32:BI32) -> 0
D33: غطاء | BJ33: =SUM(F33:BI33) -> 0 | BK33: =COUNT(F33:BI33) -> 0
BJ34: =SUM(F34:BI34) -> 0 | BK34: =COUNT(F34:BI34) -> 0
D35: (تشغيل) | BJ35: =SUM(F35:BI35) -> 0 | BK35: =COUNT(F35:BI35) -> 0
D36: عبوة | F36: 90 | H36: 95 | J36: 39 | N36: 20 | BJ36: =SUM(F36:BI36) -> 244 | BK36: =COUNT(F36:BI36) -> 4
D37: غطاء | F37: 50 | H37: 54 | J37: 72 | N37: 7 | BJ37: =SUM(F37:BI37) -> 183 | BK37: =COUNT(F37:BI37) -> 4
D38: بامب | BJ38: =SUM(F38:BI38) -> 0 | BK38: =COUNT(F38:BI38) -> 0
BJ39: =SUM(F39:BI39) -> 0 | BK39: =COUNT(F39:BI39) -> 0
D40: Unplanned downtime | F40: =SUM(F41:F118) -> 0 | G40: =SUM(G41:G118) -> 0 | H40: =SUM(H41:H118) -> 45 | I40: =SUM(I41:I118) -> 0 | J40: =SUM(J41:J118) -> 0 | K40: =SUM(K41:K118) -> 0 | L40: =SUM(L41:L118) -> 0 | M40: =SUM(M41:M118) -> 0 | ... BI40: =SUM(BI41:BI118) -> 0 | BJ40: =SUM(F40:BI40) -> 75 | BK40: =COUNT(F40:BI40) -> 56
C41: =SUM(BJ42:BJ61) -> 0 | D41: اعطال الصيانة | BJ41: =SUM(F41:BI41) -> 0 | BK41: =COUNT(F41:BI41) -> 0
B42: Machine failure | C42: MF1 | D42: مشكلة فى النزل | BJ42: =SUM(F42:BI42) -> 0 | BK42: =COUNT(F42:BI42) -> 0
B43: Set up& adjustment | C43: ADJ1 | D43: ضبط الميزان | BJ43: =SUM(F43:BI43) -> 0 | BK43: =COUNT(F43:BI43) -> 0
B44: Machine failure | C44: MF2 | D44: مشكلة فى الميزان | BJ44: =SUM(F44:BI44) -> 0 | BK44: =COUNT(F44:BI44) -> 0
B45: Machine failure | C45: MF3 | D45: مشكلة فى المكبس | BJ45: =SUM(F45:BI45) -> 0 | BK45: =COUNT(F45:BI45) -> 0
B46: Machine failure | C46: MF4 | D46: تسريب الخامة من العبوات | BJ46: =SUM(F46:BI46) -> 0 | BK46: =COUNT(F46:BI46) -> 0
B47: Machine failure | C47: MF5 | D47: مشكة فى ضغط العبوات (اللحام) | BJ47: =SUM(F47:BI47) -> 0 | BK47: =COUNT(F47:BI47) -> 0
B48: Machine failure | C48: MF6 | D48: مشكلة فى السخانات | BJ48: =SUM(F48:BI48) -> 0 | BK48: =COUNT(F48:BI48) -> 0
B49: Machine failure | C49: MF7 | D49: ضبط الكاميرا | BJ49: =SUM(F49:BI49) -> 0 | BK49: =COUNT(F49:BI49) -> 0
B50: Quality losses | C50: Q1 | D50: ضبط الكاميرا | BJ50: =SUM(F50:BI50) -> 0 | BK50: =COUNT(F50:BI50) -> 0
B51: utility loss | C51: UT1 | D51: مشكله في ضغط الهواء (فى الكومبرسور) | BJ51: =SUM(F51:BI51) -> 0 | BK51: =COUNT(F51:BI51) -> 0
B52: Machine failure | C52: MF8 | D52: مشكله في خرطوم الهواء | BJ52: =SUM(F52:BI52) -> 0 | BK52: =COUNT(F52:BI52) -> 0
B53: Machine failure | C53: MF9 | D53: ضبط اعدادات الماكينة | BJ53: =SUM(F53:BI53) -> 0 | BK53: =COUNT(F53:BI53) -> 0
... B68: utility loss | C68: UT3 | D68: مشكلة فى الشيلر | BJ68: =SUM(F68:BI68) -> 0 | BK68: =COUNT(F68:BI68) -> 0
BJ69: =SUM(F69:BI69) -> 0 | BK69: =COUNT(F69:BI69) -> 0
C70: =SUM(BJ72:BJ96) -> 75 | D70: اعطال الانتاج | BJ70: =SUM(F70:BI70) -> 0 | BK70: =COUNT(F70:BI70) -> 0
B71: Set up& adjustment | C71: ADJ9 | D71: ضبط الكاميرا | BJ71: =SUM(F71:BI71) -> 0 | BK71: =COUNT(F71:BI71) -> 0
B72: Management loss | C72: MG1 | D72: اعطال النقل من مكان لاخر | BJ72: =SUM(F72:BI72) -> 0 | BK72: =COUNT(F72:BI72) -> 0
B73: Management loss | C73: MG2 | D73: عمال غير مدربة | BJ73: =SUM(F73:BI73) -> 0 | BK73: =COUNT(F73:BI73) -> 0
B74: Management loss | C74: MG3 | D74: تنظيف الماكينة | V74: 10 | X74: 10 | BJ74: =SUM(F74:BI74) -> 20 | BK74: =COUNT(F74:BI74) -> 2
B75: Management loss | C75: MG4 | D75: تنظيف بستم الفويل | V75: 10 | BJ75: =SUM(F75:BI75) -> 10 | BK75: =COUNT(F75:BI75) -> 1
B76: Management loss | C76: MG5 | D76: تنظيف سير نقل المنتج | BJ76: =SUM(F76:BI76) -> 0 | BK76: =COUNT(F76:BI76) -> 0
B77: Management loss | C77: MG6 | D77: الوقوف على العبوات المجهزة | BJ77: =SUM(F77:BI77) -> 0 | BK77: =COUNT(F77:BI77) -> 0
B78: Management loss | C78: MG7 | D78: تأخير صرف المستلزمات | BJ78: =SUM(F78:BI78) -> 0 | BK78: =COUNT(F78:BI78) -> 0
B79: Management loss | C79: MG8 | D79: عدم وجود عمالة كافية | BJ79: =SUM(F79:BI79) -> 0 | BK79: =COUNT(F79:BI79) -> 0
B80: Set up& adjustment | C80: ADJ10 | D80: تغيير التانك | BJ80: =SUM(F80:BI80) -> 0 | BK80: =COUNT(F80:BI80) -> 0
B81: minor losses | C81: MIN1 | D81: لم الخامة من الهوبر | BJ81: =SUM(F81:BI81) -> 0 | BK81: =COUNT(F81:BI81) -> 0
B82: Management loss | C82: MG9 | D82: اعطال خط التغليف | BJ82: =SUM(F82:BI82) -> 0 | BK82: =COUNT(F82:BI82) -> 0
B83: Start up loss | C83: SU1 | D83: تغيير حجم المنتج على الماكينة | BJ83: =SUM(F83:BI83) -> 0 | BK83: =COUNT(F83:BI83) -> 0
B84: Machine failure | C84: MF16 | D84: مشاكل ضخ الخامة | BJ84: =SUM(F84:BI84) -> 0 | BK84: =COUNT(F84:BI84) -> 0
B85: Set up& adjustment | C85: ADJ11 | D85: ضبط مكبس الغطاء | BJ85: =SUM(F85:BI85) -> 0 | BK85: =COUNT(F85:BI85) -> 0
B86: Set up& adjustment | C86: AD12 | D86: ضبط سلم الغطاء | BJ86: =SUM(F86:BI86) -> 0 | BK86: =COUNT(F86:BI86) -> 0
B87: Quality losses | C87: ADJ12 | D87: ضبط سلم الغطاء | BJ87: =SUM(F87:BI87) -> 0 | BK87: =COUNT(F87:BI87) -> 0
... B93: Start up loss | C93: SU3 | D93: بداية التشغيل | BJ93: =SUM(F93:BI93) -> 0 | BK93: =COUNT(F93:BI93) -> 0
B94: Start up loss | C94: SU4 | D94: Changover | H94: 45 | BJ94: =SUM(F94:BI94) -> 45
B95: minor losses | C95: MIN2 | D95: التشغيل بسرعة اقل | BJ95: =SUM(F95:BI95) -> 0 | BK95: =COUNT(F95:BI95) -> 0
BJ96: =SUM(F96:BI96) -> 0 | BK96: =COUNT(F96:BI96) -> 0
C97: =SUM(BJ98:BJ100) -> 0 | D97: أعطال التخطيط | BJ97: =SUM(F97:BI97) -> 0 | BK97: =COUNT(F97:BI97) -> 0
B98: Management loss | C98: MG10 | D98: الوقوف على المستلزمات (تخطيط) | BJ98: =SUM(F98:BI98) -> 0 | BK98: =COUNT(F98:BI98) -> 0
BJ99: =SUM(F99:BI99) -> 0 | BK99: =COUNT(F99:BI99) -> 0
BJ100: =SUM(F100:BI100) -> 0 | BK100: =COUNT(F100:BI100) -> 0
C101: =SUM(BJ102:BJ104) -> 0 | D101: أعطال المخزن | BJ101: =SUM(F101:BI101) -> 0 | BK101: =COUNT(F101:BI101) -> 0
B102: Management loss | C102: MG11 | D102: الوقوف على المستلزمات (مخزن) | BJ102: =SUM(F102:BI102) -> 0 | BK102: =COUNT(F102:BI102) -> 0
BJ103: =SUM(F103:BI103) -> 0 | BK103: =COUNT(F103:BI103) -> 0
BJ104: =SUM(F104:BI104) -> 0 | BK104: =COUNT(F104:BI104) -> 0
C105: =SUM(BJ106:BJ112) -> 0 | D105: أعطال الجودة | BJ105: =SUM(F105:BI105) -> 0 | BK105: =COUNT(F105:BI105) -> 0
B106: Quality losses | C106: Q4 | D106: مشكلة فى العبوات | BJ106: =SUM(F106:BI106) -> 0 | BK106: =COUNT(F106:BI106) -> 0
B107: Quality losses | C107: Q5 | D107: مشكلة فى الخامة | BJ107: =SUM(F107:BI107) -> 0 | BK107: =COUNT(F107:BI107) -> 0
B108: Quality losses | C108: Q6 | D108: مشكلة فى السليف | BJ108: =SUM(F108:BI108) -> 0 | BK108: =COUNT(F108:BI108) -> 0
B109: Quality losses | C109: Q7 | D109: مشكلة فى الاستيكر | BJ109: =SUM(F109:BI109) -> 0 | BK109: =COUNT(F109:BI109) -> 0
B110: Quality losses | C110: Q8 | D110: تأخير محضر فحص | BJ110: =SUM(F110:BI110) -> 0 | BK110: =COUNT(F110:BI110) -> 0
B111: Management loss | C111: MG12 | D111: تأخير محضر فحص | BJ111: =SUM(F111:BI111) -> 0 | BK111: =COUNT(F111:BI111) -> 0
BJ112: =SUM(F112:BI112) -> 0 | BK112: =COUNT(F112:BI112) -> 0
C113: =SUM(BJ114:BJ118) -> 0 | D113: أعطال التصنيع | BJ113: =SUM(F113:BI113) -> 0 | BK113: =COUNT(F113:BI113) -> 0
B114: Management loss | C114: MG13 | D114: الوقوف على الخامة | BJ114: =SUM(F114:BI114) -> 0 | BK114: =COUNT(F114:BI114) -> 0
B115: Quality losses | C115: Q9 | D115: مشكلة فى الخامة | BJ115: =SUM(F115:BI115) -> 0 | BK115: =COUNT(F115:BI115) -> 0
B116: Quality losses | C116: Q10 | D116: وجود فوم فى الخامة | BJ116: =SUM(F116:BI116) -> 0 | BK116: =COUNT(F116:BI116) -> 0
BJ117: =SUM(F117:BI117) -> 0 | BK117: =COUNT(F117:BI117) -> 0
BJ118: =SUM(F118:BI118) -> 0 | BK118: =COUNT(F118:BI118) -> 0
D119: عدد العمال المطلوب | BJ119: =SUM(F119:BI119) -> 0
D120: عدد العمال الفعلى | BJ120: =SUM(F120:BI120) -> 0
...

Sheet 4 NOZZOLE
F1: =SUM(F5:F19) -> 0 | G1: =SUM(G5:G19) -> 0 | H1: =SUM(H5:H19) -> 0 | I1: =SUM(I5:I19) -> 0 | J1: =SUM(J5:J19) -> 0 | K1: =SUM(K5:K19) -> 0 | L1: =SUM(L5:L19) -> 3972 | M1: =SUM(M5:M19) -> 0 | ... BJ1: =SUM(BJ5:BJ19) -> 11534
C2: Date | F2: 46082 | H2: 46083 | J2: 46084 | L2: 46085 | N2: 46086 | P2: 46087 | R2: 46088 | T2: 46089 | V2: 46090 | X2: 46091 | Z2: 46092 | AB2: 46093 | AD2: 46094 | AF2: 46095 | AH2: 46096 | AJ2: 46097 | AL2: 46098 | AN2: 46099 | AP2: 46100 | AR2: 46101 | AT2: 46102 | AV2: 46103 | AX2: 46104 | AZ2: 46105 | BB2: 46106 | BD2: 46107 | BF2: 46108 | BH2: 46109
C3: Shift | F3: sh1 | G3: sh2 | H3: sh1 | I3: sh2 | J3: sh1 | K3: sh2 | L3: sh1 | M3: sh2 | N3: sh1 | O3: sh2 | P3: sh1 | Q3: sh2 | R3: sh1 | S3: sh2 | T3: sh1 | U3: sh2 | V3: sh1 | W3: sh2 | X3: sh1 | Y3: sh2 | Z3: sh1 | AA3: sh2 | AB3: sh1 | AC3: sh2 | AD3: sh1 | AE3: sh2 | AF3: sh1 | AG3: sh2 | AH3: sh1 | AI3: sh2 | AJ3: sh1 | AK3: sh2 | AL3: sh1 | AM3: sh2 | AN3: sh1 | AO3: sh2 | AP3: sh1 | AQ3: sh2 | AR3: sh1 | AS3: sh2 | AT3: sh1 | AU3: sh2 | AV3: sh1 | AW3: sh2 | AX3: sh1 | AY3: sh2 | AZ3: sh1 | BA3: sh2 | BB3: sh1 | BC3: sh2 | BD3: sh1 | BE3: sh2 | BF3: sh1 | BG3: sh2 | BH3: sh1 | BI3: sh2
C4: Item code | D4: Item description | E4: Rate | F4: الاحد | H4: الاثنين | J4: الثلاثاء | L4: الاربعاء | N4: الخميس | P4: الجمعة | R4: السبت | T4: الاحد | V4: الاثنين | X4: الثلاثاء | Z4: الاربعاء | AB4: الخميس | AD4: الجمعة | AF4: السبت | AH4: الاحد | AJ4: الاثنين | AL4: الثلاثاء | AN4: الاربعاء | AP4: الخميس | AR4: الجمعة | AT4: السبت | AV4: الاحد | AX4: الاثنين | AZ4: الثلاثاء | BB4: الاربعاء | BD4: الخميس | BF4: الجمعة | BH4: السبت
C5: =VLOOKUP(D5,Products!B:D,2,FALSE) -> 40330013 | D5: GLYSOLID Lotion- Musk 500ml | E5: 20 | L5: 3972 | T5: 2185 | V5: 1600 | BJ5: =SUM(F5:BI5) -> 7757 | BK5: =COUNT(F5:BI5) -> 3
C6: 40330011 | D6: GLYSOLID Lotion- Classic 500ml | E6: 20 | N6: 1500 | BJ6: =SUM(F6:BI6) -> 1500 | BK6: =COUNT(F6:BI6) -> 1
C7: =VLOOKUP(D7,Products!B:D,2,FALSE) -> 40330001 | D7: GLYSOLID Lotion- Classic 200ml | E7: 20 | N7: 2277 | BJ7: =SUM(F7:BI7) -> 2277 | BK7: =COUNT(F7:BI7) -> 1
C8: =VLOOKUP(D8,Products!B:D,2,FALSE) -> #N/A | E8: 1 | BJ8: =SUM(F8:BI8) -> 0 | BK8: =COUNT(F8:BI8) -> 0
C9: =VLOOKUP(D9,Products!B:D,2,FALSE) -> #N/A | E9: 1 | BJ9: =SUM(F9:BI9) -> 0 | BK9: =COUNT(F9:BI9) -> 0
C10: =VLOOKUP(D10,Products!B:D,2,FALSE) -> #N/A | E10: 1 | BJ10: =SUM(F10:BI10) -> 0 | BK10: =COUNT(F10:BI10) -> 0
C11: =VLOOKUP(D11,Products!B:D,2,FALSE) -> #N/A | E11: 1 | BJ11: =SUM(F11:BI11) -> 0 | BK11: =COUNT(F11:BI11) -> 0
C12: =VLOOKUP(D12,Products!B:D,2,FALSE) -> #N/A | E12: 1 | BJ12: =SUM(F12:BI12) -> 0 | BK12: =COUNT(F12:BI12) -> 0
C13: =VLOOKUP(D13,Products!B:D,2,FALSE) -> #N/A | E13: 1 | BJ13: =SUM(F13:BI13) -> 0 | BK13: =COUNT(F13:BI13) -> 0
C14: =VLOOKUP(D14,Products!B:D,2,FALSE) -> #N/A | E14: 1 | BJ14: =SUM(F14:BI14) -> 0 | BK14: =COUNT(F14:BI14) -> 0
C15: =VLOOKUP(D15,Products!B:D,2,FALSE) -> #N/A | E15: 1 | BJ15: =SUM(F15:BI15) -> 0 | BK15: =COUNT(F15:BI15) -> 0
C16: =VLOOKUP(D16,Products!B:D,2,FALSE) -> #N/A | E16: 1 | BJ16: =SUM(F16:BI16) -> 0 | BK16: =COUNT(F16:BI16) -> 0
C17: =VLOOKUP(D17,Products!B:D,2,FALSE) -> #N/A | E17: 1 | BJ17: =SUM(F17:BI17) -> 0 | BK17: =COUNT(F17:BI17) -> 0
C18: =VLOOKUP(D18,Products!B:D,2,FALSE) -> #N/A | E18: 1 | BJ18: =SUM(F18:BI18) -> 0 | BK18: =COUNT(F18:BI18) -> 0
C19: =VLOOKUP(D19,Products!B:D,2,FALSE) -> #N/A | D19: `` | E19: 1 | BJ19: =SUM(F19:BI19) -> 0 | BK19: =COUNT(F19:BI19) -> 0
D20: التوالف | F20: =SUM(F21:F28) -> 0 | G20: =SUM(G21:G28) -> 0 | H20: =SUM(H21:H28) -> 0 | I20: =SUM(I21:I28) -> 0 | J20: =SUM(J21:J28) -> 0 | K20: =SUM(K21:K28) -> 0 | L20: =SUM(L21:L28) -> 0 | M20: =SUM(M21:M28) -> 0 | ... BI20: =SUM(BI21:BI28) -> 0 | BJ20: =SUM(F20:BI20) -> 94 | BK20: =COUNT(F20:BI20) -> 56
D21: (مورد) | BJ21: =SUM(F21:BI21) -> 0 | BK21: =COUNT(F21:BI21) -> 0
D22: عبوة | N22: 61 | BJ22: =SUM(F22:BI22) -> 61 | BK22: =COUNT(F22:BI22) -> 1
D23: غطاء | BJ23: =SUM(F23:BI23) -> 0 | BK23: =COUNT(F23:BI23) -> 0
BJ24: =SUM(F24:BI24) -> 0 | BK24: =COUNT(F24:BI24) -> 0
D25: (تشغيل) | BJ25: =SUM(F25:BI25) -> 0 | BK25: =COUNT(F25:BI25) -> 0
D26: عبوة | N26: 10 | T26: 6 | BJ26: =SUM(F26:BI26) -> 16 | BK26: =COUNT(F26:BI26) -> 2
D27: غطاء | BJ27: =SUM(F27:BI27) -> 0 | BK27: =COUNT(F27:BI27) -> 0
D28: بامب | N28: 5 | T28: 12 | BJ28: =SUM(F28:BI28) -> 17 | BK28: =COUNT(F28:BI28) -> 2
D29: Unplanned downtime | F29: =SUM(F30:F107) -> 0 | G29: =SUM(G30:G107) -> 0 | H29: =SUM(H30:H107) -> 0 | I29: =SUM(I30:I107) -> 0 | J29: =SUM(J30:J107) -> 0 | K29: =SUM(K30:K107) -> 0 | L29: =SUM(L30:L107) -> 101 | M29: =SUM(M30:M107) -> 0 | ... AW29: =SUM(AW30:AW107) -> 0 | AX29: 50 | AY29: =SUM(AY30:AY107) -> 0 | AZ29: =SUM(AZ30:AZ107) -> 0 | BA29: =SUM(BA30:BA107) -> 0 | BB29: =SUM(BB30:BB107) -> 0 | BC29: =SUM(BC30:BC107) -> 0 | BD29: =SUM(BD30:BD107) -> 0 | BE29: =SUM(BE30:BE107) -> 0 | BF29: =SUM(BF30:BF107) -> 0 | ... BI29: =SUM(BI30:BI107) -> 0 | BJ29: =SUM(F29:BI29) -> 191 | BK29: =COUNT(F29:BI29) -> 56
C30: =SUM(BJ31:BJ50) -> 50 | D30: اعطال الصيانة | BJ30: =SUM(F30:BI30) -> 0 | BK30: =COUNT(F30:BI30) -> 0
B31: Machine failure | C31: MF1 | D31: مشكلة فى النزل | L31: 35 | BJ31: =SUM(F31:BI31) -> 35 | BK31: =COUNT(F31:BI31) -> 1
B32: Set up& adjustment | C32: ADJ1 | D32: ضبط الميزان | BJ32: =SUM(F32:BI32) -> 0 | BK32: =COUNT(F32:BI32) -> 0
B33: Machine failure | C33: MF2 | D33: مشكلة فى الميزان | BJ33: =SUM(F33:BI33) -> 0 | BK33: =COUNT(F33:BI33) -> 0
B34: Machine failure | C34: MF3 | D34: مشكلة فى المكبس | BJ34: =SUM(F34:BI34) -> 0 | BK34: =COUNT(F34:BI34) -> 0
B35: Machine failure | C35: MF4 | D35: تسريب الخامة من العبوات | BJ35: =SUM(F35:BI35) -> 0 | BK35: =COUNT(F35:BI35) -> 0
B36: Machine failure | C36: MF5 | D36: مشكة فى ضغط العبوات (اللحام) | BJ36: =SUM(F36:BI36) -> 0 | BK36: =COUNT(F36:BI36) -> 0
B37: Machine failure | C37: MF6 | D37: مشكلة فى السخانات | BJ37: =SUM(F37:BI37) -> 0 | BK37: =COUNT(F37:BI37) -> 0
B38: Machine failure | C38: MF7 | D38: ضبط الكاميرا | BJ38: =SUM(F38:BI38) -> 0 | BK38: =COUNT(F38:BI38) -> 0
B39: Quality losses | C39: Q1 | D39: ضبط الكاميرا | BJ39: =SUM(F39:BI39) -> 0 | BK39: =COUNT(F39:BI39) -> 0
B40: utility loss | C40: UT1 | D40: مشكله في ضغط الهواء (فى الكومبرسور) | BJ40: =SUM(F40:BI40) -> 0 | BK40: =COUNT(F40:BI40) -> 0
B41: Machine failure | C41: MF8 | D41: مشكله في خرطوم الهواء | BJ41: =SUM(F41:BI41) -> 0 | BK41: =COUNT(F41:BI41) -> 0
B42: Machine failure | C42: MF9 | D42: ضبط اعدادات الماكينة | BJ42: =SUM(F42:BI42) -> 0 | BK42: =COUNT(F42:BI42) -> 0
B43: Machine failure | C43: MF10 | D43: مشاكل ضخ الخامة | BJ43: =SUM(F43:BI43) -> 0 | BK43: =COUNT(F43:BI43) -> 0
B44: Machine failure | C44: MF11 | D44: تغيير خرطوم الهواء | BJ44: =SUM(F44:BI44) -> 0 | BK44: =COUNT(F44:BI44) -> 0
B45: Machine failure | C45: MF12 | D45: خلل فى سير الماكينة | L45: 15 | BJ45: =SUM(F45:BI45) -> 15 | BK45: =COUNT(F45:BI45) -> 1
B46: Set up& adjustment | C46: ADJ2 | D46: ضبط البستم | BJ46: =SUM(F46:BI46) -> 0 | BK46: =COUNT(F46:BI46) -> 0
B47: utility loss | C47: UT2 | D47: انقطاع الكهرباء | BJ47: =SUM(F47:BI47) -> 0 | BK47: =COUNT(F47:BI47) -> 0
B48: Machine failure | C48: MF13 | D48: انقطاع كهرباء الماكينة | BJ48: =SUM(F48:BI48) -> 0 | BK48: =COUNT(F48:BI48) -> 0
B49: Set up& adjustment | C49: ADJ3 | D49: ضبط ماكينة الاستيكر | BJ49: =SUM(F49:BI49) -> 0 | BK49: =COUNT(F49:BI49) -> 0
B50: Machine failure | C50: MF14 | D50: تغيير O ring | BJ50: =SUM(F50:BI50) -> 0 | BK50: =COUNT(F50:BI50) -> 0
B51: Set up& adjustment | C51: ADJ4 | D51: ضبط مكبس الغطاء | BJ51: =SUM(F51:BI51) -> 0 | BK51: =COUNT(F51:BI51) -> 0
B52: Set up& adjustment | C52: ADJ5 | D52: ضبط سلم الغطاء | BJ52: =SUM(F52:BI52) -> 0 | BK52: =COUNT(F52:BI52) -> 0
B53: Set up& adjustment | C53: ADJ6 | D53: ضبط مكبس الفويل | BJ53: =SUM(F53:BI53) -> 0 | BK53: =COUNT(F53:BI53) -> 0
B54: Set up& adjustment | C54: ADJ7 | D54: ضبط نزل العبوات | BJ54: =SUM(F54:BI54) -> 0 | BK54: =COUNT(F54:BI54) -> 0
B55: Machine failure | C55: MF15 | D55: مشكلة فى المقص | BJ55: =SUM(F55:BI55) -> 0 | BK55: =COUNT(F55:BI55) -> 0
B56: Set up& adjustment | C56: ADJ8 | D56: مشكلة فى ربط الغطاء | BJ56: =SUM(F56:BI56) -> 0 | BK56: =COUNT(F56:BI56) -> 0
B57: utility loss | C57: UT3 | D57: مشكلة فى الشيلر | BJ57: =SUM(F57:BI57) -> 0 | BK57: =COUNT(F57:BI57) -> 0
BJ58: =SUM(F58:BI58) -> 0 | BK58: =COUNT(F58:BI58) -> 0
C59: =SUM(BJ61:BJ85) -> 91 | D59: اعطال الانتاج | BJ59: =SUM(F59:BI59) -> 0 | BK59: =COUNT(F59:BI59) -> 0
B60: Set up& adjustment | C60: ADJ9 | D60: ضبط الكاميرا | BJ60: =SUM(F60:BI60) -> 0 | BK60: =COUNT(F60:BI60) -> 0
B61: Management loss | C61: MG1 | D61: اعطال النقل من مكان لاخر | BJ61: =SUM(F61:BI61) -> 0 | BK61: =COUNT(F61:BI61) -> 0
B62: Management loss | C62: MG2 | D62: عمال غير مدربة | BJ62: =SUM(F62:BI62) -> 0 | BK62: =COUNT(F62:BI62) -> 0
B63: Management loss | C63: MG3 | D63: تنظيف الماكينة | BJ63: =SUM(F63:BI63) -> 0 | BK63: =COUNT(F63:BI63) -> 0
B64: Management loss | C64: MG4 | D64: تنظيف بستم الفويل | BJ64: =SUM(F64:BI64) -> 0 | BK64: =COUNT(F64:BI64) -> 0
B65: Management loss | C65: MG5 | D65: تنظيف سير نقل المنتج | BJ65: =SUM(F65:BI65) -> 0 | BK65: =COUNT(F65:BI65) -> 0
B66: Management loss | C66: MG6 | D66: الوقوف على العبوات المجهزة | BJ66: =SUM(F66:BI66) -> 0 | BK66: =COUNT(F66:BI66) -> 0
B67: Management loss | C67: MG7 | D67: تأخير صرف المستلزمات | BJ67: =SUM(F67:BI67) -> 0 | BK67: =COUNT(F67:BI67) -> 0
B68: Management loss | C68: MG8 | D68: عدم وجود عمالة كافية | BJ68: =SUM(F68:BI68) -> 0 | BK68: =COUNT(F68:BI68) -> 0
B69: Set up& adjustment | C69: ADJ10 | D69: تغيير التانك | L69: 10 | N69: 10 | BJ69: =SUM(F69:BI69) -> 20 | BK69: =COUNT(F69:BI69) -> 2
B70: minor losses | C70: MIN1 | D70: لم خامة من الهوبر | BJ70: =SUM(F70:BI70) -> 0 | BK70: =COUNT(F70:BI70) -> 0
B71: Management loss | C71: MG9 | D71: اعطال خط التغليف | L71: 11 | BJ71: =SUM(F71:BI71) -> 11 | BK71: =COUNT(F71:BI71) -> 1
B72: Start up loss | C72: SU1 | D72: تغيير حجم المنتج على الماكينة | BJ72: =SUM(F72:BI72) -> 0 | BK72: =COUNT(F72:BI72) -> 0
B73: Machine failure | C73: MF16 | D73: مشاكل ضخ الخامة | BJ73: =SUM(F73:BI73) -> 0 | BK73: =COUNT(F73:BI73) -> 0
B74: Set up& adjustment | C74: ADJ11 | D74: ضبط مكبس الغطاء | BJ74: =SUM(F74:BI74) -> 0 | BK74: =COUNT(F74:BI74) -> 0
B75: Set up& adjustment | C75: AD12 | D75: ضبط سلم الغطاء | BJ75: =SUM(F75:BI75) -> 0 | BK75: =COUNT(F75:BI75) -> 0
B76: Quality losses | C76: ADJ12 | D76: ضبط سلم الغطاء | BJ76: =SUM(F76:BI76) -> 0 | BK76: =COUNT(F76:BI76) -> 0
B77: Set up& adjustment | C77: ADJ13 | D77: ضبط مكبس الفويل | BJ77: =SUM(F77:BI77) -> 0 | BK77: =COUNT(F77:BI77) -> 0
B78: Set up& adjustment | C78: ADJ14 | D78: ضبط نزل العبوات | BJ78: =SUM(F78:BI78) -> 0 | BK78: =COUNT(F78:BI78) -> 0
B79: Quality losses | C79: Q3 | D79: ضبط نزل العبوات | BJ79: =SUM(F79:BI79) -> 0 | BK79: =COUNT(F79:BI79) -> 0
B80: Start up loss | C80: SU2 | D80: مشكلة فى الطباعة | BJ80: =SUM(F80:BI80) -> 0 | BK80: =COUNT(F80:BI80) -> 0
B81: Set up& adjustment | C81: ADJ15 | D81: تغيير الرول | BJ81: =SUM(F81:BI81) -> 0 | BK81: =COUNT(F81:BI81) -> 0
B82: Start up loss | C82: SU3 | D82: بداية التشغيل | BJ82: =SUM(F82:BI82) -> 0 | BK82: =COUNT(F82:BI82) -> 0
B83: Start up loss | C83: SU4 | D83: Changover | L83: 30 | N83: 30 | BJ83: =SUM(F83:BI83) -> 60
B84: minor losses | C84: MIN2 | D84: التشغيل بسرعة اقل | BJ84: =SUM(F84:BI84) -> 0 | BK84: =COUNT(F84:BI84) -> 0
BJ85: =SUM(F85:BI85) -> 0 | BK85: =COUNT(F85:BI85) -> 0
C86: =SUM(BJ87:BJ89) -> 0 | D86: أعطال التخطيط | BJ86: =SUM(F86:BI86) -> 0 | BK86: =COUNT(F86:BI86) -> 0
B87: Management loss | C87: MG10 | D87: الوقوف على المستلزمات (تخطيط) | BJ87: =SUM(F87:BI87) -> 0 | BK87: =COUNT(F87:BI87) -> 0
BJ88: =SUM(F88:BI88) -> 0 | BK88: =COUNT(F88:BI88) -> 0
BJ89: =SUM(F89:BI89) -> 0 | BK89: =COUNT(F89:BI89) -> 0
C90: =SUM(BJ91:BJ93) -> 0 | D90: أعطال المخزن | BJ90: =SUM(F90:BI90) -> 0 | BK90: =COUNT(F90:BI90) -> 0
B91: Management loss | C91: MG11 | D91: الوقوف على المستلزمات (مخزن) | BJ91: =SUM(F91:BI91) -> 0 | BK91: =COUNT(F91:BI91) -> 0
BJ92: =SUM(F92:BI92) -> 0 | BK92: =COUNT(F92:BI92) -> 0
BJ93: =SUM(F93:BI93) -> 0 | BK93: =COUNT(F93:BI93) -> 0
C94: =SUM(BJ95:BJ101) -> 0 | D94: أعطال الجودة | BJ94: =SUM(F94:BI94) -> 0 | BK94: =COUNT(F94:BI94) -> 0
B95: Quality losses | C95: Q4 | D95: مشكلة فى العبوات | BJ95: =SUM(F95:BI95) -> 0 | BK95: =COUNT(F95:BI95) -> 0
B96: Quality losses | C96: Q5 | D96: مشكلة فى الخامة | BJ96: =SUM(F96:BI96) -> 0 | BK96: =COUNT(F96:BI96) -> 0
B97: Quality losses | C97: Q6 | D97: مشكلة فى السليف | BJ97: =SUM(F97:BI97) -> 0 | BK97: =COUNT(F97:BI97) -> 0
B98: Quality losses | C98: Q7 | D98: مشكلة فى الاستيكر | BJ98: =SUM(F98:BI98) -> 0 | BK98: =COUNT(F98:BI98) -> 0
B99: Quality losses | C99: Q8 | D99: تأخير محضر فحص | BJ99: =SUM(F99:BI99) -> 0 | BK99: =COUNT(F99:BI99) -> 0
B100: Management loss | C100: MG12 | D100: تأخير محضر فحص | BJ100: =SUM(F100:BI100) -> 0 | BK100: =COUNT(F100:BI100) -> 0
...

Sheet OEE F1 march-2026
F1: =SUM(F5:F31) -> 0 | G1: =SUM(G5:G31) -> 0 | H1: =SUM(H5:H31) -> 0 | I1: =SUM(I5:I31) -> 0 | J1: =SUM(J5:J31) -> 3940 | K1: =SUM(K5:K31) -> 0 | L1: =SUM(L5:L31) -> 7079 | M1: =SUM(M5:M31) -> 0 | ... BJ1: =SUM(BJ5:BJ31) -> 61616
C2: Date | F2: 46082 | H2: 46083 | J2: 46084 | L2: 46085 | N2: 46086 | P2: 46087 | R2: 46088 | T2: 46089 | V2: 46090 | X2: 46091 | Z2: 46092 | AB2: 46093 | AD2: 46094 | AF2: 46095 | AH2: 46096 | AJ2: 46097 | AL2: 46098 | AN2: 46099 | AP2: 46100 | AR2: 46101 | AT2: 46102 | AV2: 46103 | AX2: 46104 | AZ2: 46105 | BB2: 46106 | BD2: 46107 | BF2: 46108 | BH2: 46109
C3: Shift | F3: sh1 | G3: sh2 | H3: sh1 | I3: sh2 | J3: sh1 | K3: sh2 | L3: sh1 | M3: sh2 | N3: sh1 | O3: sh2 | P3: sh1 | Q3: sh2 | R3: sh1 | S3: sh2 | T3: sh1 | U3: sh2 | V3: sh1 | W3: sh2 | X3: sh1 | Y3: sh2 | Z3: sh1 | AA3: sh2 | AB3: sh1 | AC3: sh2 | AD3: sh1 | AE3: sh2 | AF3: sh1 | AG3: sh2 | AH3: sh1 | AI3: sh2 | AJ3: sh1 | AK3: sh2 | AL3: sh1 | AM3: sh2 | AN3: sh1 | AO3: sh2 | AP3: sh1 | AQ3: sh2 | AR3: sh1 | AS3: sh2 | AT3: sh1 | AU3: sh2 | AV3: sh1 | AW3: sh2 | AX3: sh1 | AY3: sh2 | AZ3: sh1 | BA3: sh2 | BB3: sh1 | BC3: sh2 | BD3: sh1 | BE3: sh2 | BF3: sh1 | BG3: sh2 | BH3: sh1 | BI3: sh2
C4: Item code | D4: Item description | E4: Rate | F4: الاحد | H4: الاثنين | J4: الثلاثاء | L4: الاربعاء | N4: الخميس | P4: الجمعة | R4: السبت | T4: الاحد | V4: الاثنين | X4: الثلاثاء | Z4: الاربعاء | AB4: الخميس | AD4: الجمعة | AF4: السبت | AH4: الاحد | AJ4: الاثنين | AL4: الثلاثاء | AN4: الاربعاء | AP4: الخميس | AR4: الجمعة | AT4: السبت | AV4: الاحد | AX4: الاثنين | AZ4: الثلاثاء | BB4: الاربعاء | BD4: الخميس | BF4: الجمعة | BH4: السبت
C5: =VLOOKUP(D5,Products!B:D,2,FALSE) -> 40300026 | D5: جليسوليد كريم 125مل تصدير | E5: 22 | J5: 3940 | L5: 7079 | N5: 6850 | T5: 7200 | V5: =6164+43+8+297 -> 6512 | X5: 7100 | Z5: 7620 | AB5: 7515 | AF5: 7800 | BJ5: =SUM(F5:BI5) -> 61616 | BK5: =COUNT(F5:BI5) -> 9
C6: =VLOOKUP(D6,Products!B:D,2,FALSE) -> #N/A | E6: 1 | BJ6: =SUM(F6:BI6) -> 0 | BK6: =COUNT(F6:BI6) -> 0
C7: =VLOOKUP(D7,Products!B:D,2,FALSE) -> #N/A | E7: 1 | BJ7: =SUM(F7:BI7) -> 0 | BK7: =COUNT(F7:BI7) -> 0
C8: =VLOOKUP(D8,Products!B:D,2,FALSE) -> #N/A | E8: 1 | BJ8: =SUM(F8:BI8) -> 0 | BK8: =COUNT(F8:BI8) -> 0
C9: =VLOOKUP(D9,Products!B:D,2,FALSE) -> #N/A | E9: 1 | BJ9: =SUM(F9:BI9) -> 0 | BK9: =COUNT(F9:BI9) -> 0
C10: =VLOOKUP(D10,Products!B:D,2,FALSE) -> #N/A | E10: 1 | BJ10: =SUM(F10:BI10) -> 0 | BK10: =COUNT(F10:BI10) -> 0
C11: =VLOOKUP(D11,Products!B:D,2,FALSE) -> #N/A | E11: 1 | BJ11: =SUM(F11:BI11) -> 0 | BK11: =COUNT(F11:BI11) -> 0
C12: =VLOOKUP(D12,Products!B:D,2,FALSE) -> #N/A | E12: 1 | BJ12: =SUM(F12:BI12) -> 0 | BK12: =COUNT(F12:BI12) -> 0
C13: =VLOOKUP(D13,Products!B:D,2,FALSE) -> #N/A | E13: 1 | BJ13: =SUM(F13:BI13) -> 0 | BK13: =COUNT(F13:BI13) -> 0
C14: =VLOOKUP(D14,Products!B:D,2,FALSE) -> #N/A | E14: 1 | BJ14: =SUM(F14:BI14) -> 0 | BK14: =COUNT(F14:BI14) -> 0
C15: =VLOOKUP(D15,Products!B:D,2,FALSE) -> #N/A | E15: 1 | BJ15: =SUM(F15:BI15) -> 0 | BK15: =COUNT(F15:BI15) -> 0
C16: =VLOOKUP(D16,Products!B:D,2,FALSE) -> #N/A | E16: 1 | BJ16: =SUM(F16:BI16) -> 0 | BK16: =COUNT(F16:BI16) -> 0
C17: =VLOOKUP(D17,Products!B:D,2,FALSE) -> #N/A | E17: 1 | BJ17: =SUM(F17:BI17) -> 0 | BK17: =COUNT(F17:BI17) -> 0
... C22: =VLOOKUP(D22,Products!B:D,2,FALSE) -> #N/A | E22: 1 | BJ22: =SUM(F22:BI22) -> 0 | BK22: =COUNT(F22:BI22) -> 0
C23: =VLOOKUP(D23,Products!B:D,2,FALSE) -> #N/A | E23: 1 | P23: =SUM(P24:P31) -> 0 | Q23: =SUM(Q24:Q31) -> 0 | AD23: =SUM(AD24:AD31) -> 0 | AE23: =SUM(AE24:AE31) -> 0 | AR23: =SUM(AR24:AR31) -> 0 | AS23: =SUM(AS24:AS31) -> 0 | BF23: =SUM(BF24:BF31) -> 0 | BG23: =SUM(BG24:BG31) -> 0 | BJ23: =SUM(F23:BI23) -> 0 | BK23: =COUNT(F23:BI23) -> 8
C24: =VLOOKUP(D24,Products!B:D,2,FALSE) -> #N/A | D24: `` | E24: 1 | BJ24: =SUM(F24:BI24) -> 0 | BK24: =COUNT(F24:BI24) -> 0
C25: =VLOOKUP(D25,Products!B:D,2,FALSE) -> #N/A | E25: 1 | BJ25: =SUM(F25:BI25) -> 0 | BK25: =COUNT(F25:BI25) -> 0
C26: =VLOOKUP(D26,Products!B:D,2,FALSE) -> #N/A | E26: 1 | BJ26: =SUM(F26:BI26) -> 0 | BK26: =COUNT(F26:BI26) -> 0
C27: =VLOOKUP(D27,Products!B:D,2,FALSE) -> #N/A | E27: 1 | BJ27: =SUM(F27:BI27) -> 0 | BK27: =COUNT(F27:BI27) -> 0
C28: =VLOOKUP(D28,Products!B:D,2,FALSE) -> #N/A | E28: 1 | BJ28: =SUM(F28:BI28) -> 0 | BK28: =COUNT(F28:BI28) -> 0
C29: =VLOOKUP(D29,Products!B:D,2,FALSE) -> #N/A | E29: 1 | BJ29: =SUM(F29:BI29) -> 0 | BK29: =COUNT(F29:BI29) -> 0
C30: =VLOOKUP(D30,Products!B:D,2,FALSE) -> #N/A | E30: 1 | BJ30: =SUM(F30:BI30) -> 0 | BK30: =COUNT(F30:BI30) -> 0
C31: =VLOOKUP(D31,Products!B:D,2,FALSE) -> #N/A | E31: 1 | BJ31: =SUM(F31:BI31) -> 0 | BK31: =COUNT(F31:BI31) -> 0
D32: التوالف | F32: =SUM(F33:F41) -> 0 | G32: =SUM(G33:G41) -> 0 | H32: =SUM(H33:H41) -> 0 | I32: =SUM(I33:I41) -> 0 | J32: =SUM(J33:J41) -> 79 | K32: =SUM(K33:K41) -> 0 | L32: =SUM(L33:L41) -> 246 | M32: =SUM(M33:M41) -> 0 | ... O32: =SUM(O33:O41) -> 0 | P32: =SUM(P33:P110) -> 0 | Q32: =SUM(Q33:Q110) -> 0 | R32: =SUM(R33:R41) -> 0 | S32: =SUM(S33:S41) -> 0 | T32: =SUM(T33:T41) -> 60 | U32: =SUM(U33:U41) -> 0 | V32: =SUM(V33:V41) -> 0 | W32: =SUM(W33:W41) -> 0 | X32: =SUM(X33:X41) -> 135 | Y32: =SUM(Y33:Y41) -> 0 | ... AC32: =SUM(AC33:AC41) -> 0 | AD32: =SUM(AD33:AD110) -> 0 | AE32: =SUM(AE33:AE110) -> 0 | AF32: =SUM(AF33:AF41) -> 0 | AG32: =SUM(AG33:AG41) -> 0 | AH32: =SUM(AH33:AH41) -> 0 | AI32: =SUM(AI33:AI41) -> 0 | AJ32: =SUM(AJ33:AJ41) -> 0 | AK32: =SUM(AK33:AK41) -> 0 | AL32: =SUM(AL33:AL41) -> 0 | AM32: =SUM(AM33:AM41) -> 0 | ... AQ32: =SUM(AQ33:AQ41) -> 0 | AR32: =SUM(AR33:AR110) -> 0 | AS32: =SUM(AS33:AS110) -> 0 | AT32: =SUM(AT33:AT41) -> 0 | AU32: =SUM(AU33:AU41) -> 0 | AV32: =SUM(AV33:AV41) -> 0 | AW32: =SUM(AW33:AW41) -> 0 | AX32: =SUM(AX33:AX41) -> 0 | AY32: =SUM(AY33:AY41) -> 0 | AZ32: =SUM(AZ33:AZ41) -> 0 | BA32: =SUM(BA33:BA41) -> 0 | ... BE32: =SUM(BE33:BE41) -> 0 | BF32: =SUM(BF33:BF110) -> 0 | BG32: =SUM(BG33:BG110) -> 0 | BH32: =SUM(BH33:BH41) -> 0 | BI32: =SUM(BI33:BI41) -> 0 | BJ32: =SUM(F32:BI32) -> 687 | BK32: =COUNT(F32:BI32) -> 56
D33: (مورد) | BJ33: =SUM(F33:BI33) -> 0 | BK33: =COUNT(F33:BI33) -> 0
D34: عبوة | X34: 60 | BJ34: =SUM(F34:BI34) -> 60 | BK34: =COUNT(F34:BI34) -> 1
D35: غطاء | BJ35: =SUM(F35:BI35) -> 0 | BK35: =COUNT(F35:BI35) -> 0
BJ36: =SUM(F36:BI36) -> 0 | BK36: =COUNT(F36:BI36) -> 0
D37: (تشغيل) | BJ37: =SUM(F37:BI37) -> 0 | BK37: =COUNT(F37:BI37) -> 0
D38: عبوة | L38: 113 | N38: 50 | T38: 50 | X38: 52 | BJ38: =SUM(F38:BI38) -> 265 | BK38: =COUNT(F38:BI38) -> 4
D39: غطاء | J39: 79 | L39: 133 | N39: 117 | T39: 10 | X39: 23 | BJ39: =SUM(F39:BI39) -> 362 | BK39: =COUNT(F39:BI39) -> 5
D40: بامب | BJ40: =SUM(F40:BI40) -> 0 | BK40: =COUNT(F40:BI40) -> 0
BJ41: =SUM(F41:BI41) -> 0 | BK41: =COUNT(F41:BI41) -> 0
D42: Unplanned downtime | F42: =SUM(F43:F120) -> 0 | G42: =SUM(G43:G120) -> 0 | H42: =SUM(H43:H120) -> 0 | I42: =SUM(I43:I120) -> 0 | J42: =SUM(J43:J120) -> 0 | K42: =SUM(K43:K120) -> 0 | L42: =SUM(L43:L120) -> 0 | M42: =SUM(M43:M120) -> 0 | ... O42: =SUM(O43:O120) -> 0 | R42: =SUM(R43:R120) -> 0 | S42: =SUM(S43:S120) -> 0 | T42: =SUM(T43:T120) -> 0 | U42: =SUM(U43:U120) -> 0 | V42: =SUM(V43:V120) -> 31 | W42: =SUM(W43:W120) -> 0 | X42: =SUM(X43:X120) -> 0 | Y42: =SUM(Y43:Y120) -> 0 | ... AC42: =SUM(AC43:AC120) -> 0 | AF42: =SUM(AF43:AF120) -> 0 | AG42: =SUM(AG43:AG120) -> 0 | AH42: =SUM(AH43:AH120) -> 0 | AI42: =SUM(AI43:AI120) -> 0 | AJ42: =SUM(AJ43:AJ120) -> 0 | AK42: =SUM(AK43:AK120) -> 0 | AL42: =SUM(AL43:AL120) -> 0 | AM42: =SUM(AM43:AM120) -> 0 | ... AQ42: =SUM(AQ43:AQ120) -> 0 | AT42: =SUM(AT43:AT120) -> 0 | AU42: =SUM(AU43:AU120) -> 0 | AV42: =SUM(AV43:AV120) -> 0 | AW42: =SUM(AW43:AW120) -> 0 | AX42: =SUM(AX43:AX120) -> 0 | AY42: =SUM(AY43:AY120) -> 0 | AZ42: =SUM(AZ43:AZ120) -> 0 | BA42: =SUM(BA43:BA120) -> 0 | ... BE42: =SUM(BE43:BE120) -> 0 | BH42: =SUM(BH43:BH120) -> 0 | BI42: =SUM(BI43:BI120) -> 0 | BJ42: =SUM(F42:BI42) -> 31 | BK42: =COUNT(F42:BI42) -> 48
C43: =SUM(BJ44:BJ63) -> 0 | D43: اعطال الصيانة | BJ43: =SUM(F43:BI43) -> 0 | BK43: =COUNT(F43:BI43) -> 0
B44: Machine failure | C44: MF1 | D44: مشكلة فى النزل | BJ44: =SUM(F44:BI44) -> 0 | BK44: =COUNT(F44:BI44) -> 0
B45: Set up& adjustment | C45: ADJ1 | D45: ضبط الميزان | BJ45: =SUM(F45:BI45) -> 0 | BK45: =COUNT(F45:BI45) -> 0
B46: Machine failure | C46: MF2 | D46: مشكلة فى الميزان | BJ46: =SUM(F46:BI46) -> 0 | BK46: =COUNT(F46:BI46) -> 0
B47: Machine failure | C47: MF3 | D47: مشكلة فى المكبس | BJ47: =SUM(F47:BI47) -> 0 | BK47: =COUNT(F47:BI47) -> 0
B48: Machine failure | C48: MF4 | D48: تسريب الخامة من العبوات | BJ48: =SUM(F48:BI48) -> 0 | BK48: =COUNT(F48:BI48) -> 0
B49: Machine failure | C49: MF5 | D49: مشكة فى ضغط العبوات (اللحام) | BJ49: =SUM(F49:BI49) -> 0 | BK49: =COUNT(F49:BI49) -> 0
B50: Machine failure | C50: MF6 | D50: مشكلة فى السخانات | BJ50: =SUM(F50:BI50) -> 0 | BK50: =COUNT(F50:BI50) -> 0
B51: Machine failure | C51: MF7 | D51: ضبط الكاميرا | BJ51: =SUM(F51:BI51) -> 0 | BK51: =COUNT(F51:BI51) -> 0
B52: Quality losses | C52: Q1 | D52: ضبط الكاميرا | BJ52: =SUM(F52:BI52) -> 0 | BK52: =COUNT(F52:BI52) -> 0
B53: utility loss | C53: UT1 | D53: مشكله في ضغط الهواء (فى الكومبرسور) | BJ53: =SUM(F53:BI53) -> 0 | BK53: =COUNT(F53:BI53) -> 0
B54: Machine failure | C54: MF8 | D54: مشكله في خرطوم الهواء | BJ54: =SUM(F54:BI54) -> 0 | BK54: =COUNT(F54:BI54) -> 0
B55: Machine failure | C55: MF9 | D55: ضبط اعدادات الماكينة | BJ55: =SUM(F55:BI55) -> 0 | BK55: =COUNT(F55:BI55) -> 0
... B70: utility loss | C70: UT3 | D70: مشكلة فى الشيلر | BJ70: =SUM(F70:BI70) -> 0 | BK70: =COUNT(F70:BI70) -> 0
D71: حريق قلاب الهوبر | BJ71: =SUM(F71:BI71) -> 0 | BK71: =COUNT(F71:BI71) -> 0
C72: =SUM(BJ74:BJ98) -> 16 | D72: اعطال الانتاج | BJ72: =SUM(F72:BI72) -> 0 | BK72: =COUNT(F72:BI72) -> 0
B73: Set up& adjustment | C73: ADJ9 | D73: ضبط الكاميرا | BJ73: =SUM(F73:BI73) -> 0 | BK73: =COUNT(F73:BI73) -> 0
B74: Management loss | C74: MG1 | D74: اعطال النقل من مكان لاخر | BJ74: =SUM(F74:BI74) -> 0 | BK74: =COUNT(F74:BI74) -> 0
B75: Management loss | C75: MG2 | D75: عمال غير مدربة | BJ75: =SUM(F75:BI75) -> 0 | BK75: =COUNT(F75:BI75) -> 0
B76: Management loss | C76: MG3 | D76: تنظيف الماكينة | BJ76: =SUM(F76:BI76) -> 0 | BK76: =COUNT(F76:BI76) -> 0
B77: Management loss | C77: MG4 | D77: تنظيف بستم الفويل | BJ77: =SUM(F77:BI77) -> 0 | BK77: =COUNT(F77:BI77) -> 0
B78: Management loss | C78: MG5 | D78: تنظيف سير نقل المنتج | BJ78: =SUM(F78:BI78) -> 0 | BK78: =COUNT(F78:BI78) -> 0
B79: Management loss | C79: MG6 | D79: الوقوف على العبوات المجهزة | BJ79: =SUM(F79:BI79) -> 0 | BK79: =COUNT(F79:BI79) -> 0
B80: Management loss | C80: MG7 | D80: تأخير صرف المستلزمات | BJ80: =SUM(F80:BI80) -> 0 | BK80: =COUNT(F80:BI80) -> 0
B81: Management loss | C81: MG8 | D81: عدم وجود عمالة كافية | BJ81: =SUM(F81:BI81) -> 0 | BK81: =COUNT(F81:BI81) -> 0
B82: Set up& adjustment | C82: ADJ10 | D82: تغيير التانك | V82: 16 | BJ82: =SUM(F82:BI82) -> 16 | BK82: =COUNT(F82:BI82) -> 1
B83: minor losses | C83: MIN1 | D83: تعبئة | BJ83: =SUM(F83:BI83) -> 0 | BK83: =COUNT(F83:BI83) -> 0
B84: Management loss | C84: MG9 | D84: اعطال خط التغليف | BJ84: =SUM(F84:BI84) -> 0 | BK84: =COUNT(F84:BI84) -> 0
B85: Start up loss | C85: SU1 | D85: تغيير حجم المنتج على الماكينة | BJ85: =SUM(F85:BI85) -> 0 | BK85: =COUNT(F85:BI85) -> 0
B86: Machine failure | C86: MF16 | D86: مشاكل ضخ الخامة | BJ86: =SUM(F86:BI86) -> 0 | BK86: =COUNT(F86:BI86) -> 0
B87: Set up& adjustment | C87: ADJ11 | D87: ضبط مكبس الغطاء | BJ87: =SUM(F87:BI87) -> 0 | BK87: =COUNT(F87:BI87) -> 0
B88: Set up& adjustment | C88: AD12 | D88: ضبط سلم الغطاء | BJ88: =SUM(F88:BI88) -> 0 | BK88: =COUNT(F88:BI88) -> 0
B89: Quality losses | C89: ADJ12 | D89: ضبط سلم الغطاء | BJ89: =SUM(F89:BI89) -> 0 | BK89: =COUNT(F89:BI89) -> 0
B90: Set up& adjustment | C90: ADJ13 | D90: ضبط مكبس الفويل | BJ90: =SUM(F90:BI90) -> 0 | BK90: =COUNT(F90:BI90) -> 0
B91: Set up& adjustment | C91: ADJ14 | D91: ضبط نزل العبوات | BJ91: =SUM(F91:BI91) -> 0 | BK91: =COUNT(F91:BI91) -> 0
B92: Quality losses | C92: Q3 | D92: ضبط نزل العبوات | BJ92: =SUM(F92:BI92) -> 0 | BK92: =COUNT(F92:BI92) -> 0
B93: Start up loss | C93: SU2 | D93: مشكلة فى الطباعة | BJ93: =SUM(F93:BI93) -> 0 | BK93: =COUNT(F93:BI93) -> 0
B94: Set up& adjustment | C94: ADJ15 | D94: تغيير الرول | BJ94: =SUM(F94:BI94) -> 0 | BK94: =COUNT(F94:BI94) -> 0
B95: Start up loss | C95: SU3 | D95: بداية التشغيل | BJ95: =SUM(F95:BI95) -> 0 | BK95: =COUNT(F95:BI95) -> 0
B96: Start up loss | C96: SU4 | D96: Changover | BJ96: =SUM(F96:BI96) -> 0
B97: minor losses | C97: MIN2 | D97: التشغيل بسرعة اقل | BJ97: =SUM(F97:BI97) -> 0 | BK97: =COUNT(F97:BI97) -> 0
BJ98: =SUM(F98:BI98) -> 0 | BK98: =COUNT(F98:BI98) -> 0
C99: =SUM(BJ100:BJ102) -> 0 | D99: أعطال التخطيط | BJ99: =SUM(F99:BI99) -> 0 | BK99: =COUNT(F99:BI99) -> 0
B100: Management loss | C100: MG10 | D100: الوقوف على المستلزمات (تخطيط) | BJ100: =SUM(F100:BI100) -> 0 | BK100: =COUNT(F100:BI100) -> 0
BJ101: =SUM(F101:BI101) -> 0 | BK101: =COUNT(F101:BI101) -> 0
BJ102: =SUM(F102:BI102) -> 0 | BK102: =COUNT(F102:BI102) -> 0
C103: =SUM(BJ104:BJ106) -> 15 | D103: أعطال المخزن | BJ103: =SUM(F103:BI103) -> 0 | BK103: =COUNT(F103:BI103) -> 0
B104: Management loss | C104: MG11 | D104: الوقوف على المستلزمات (مخزن) | V104: 15 | BJ104: =SUM(F104:BI104) -> 15 | BK104: =COUNT(F104:BI104) -> 1
BJ105: =SUM(F105:BI105) -> 0 | BK105: =COUNT(F105:BI105) -> 0
BJ106: =SUM(F106:BI106) -> 0 | BK106: =COUNT(F106:BI106) -> 0
C107: =SUM(BJ108:BJ114) -> 0 | D107: أعطال الجودة | BJ107: =SUM(F107:BI107) -> 0 | BK107: =COUNT(F107:BI107) -> 0
B108: Quality losses | C108: Q4 | D108: مشكلة فى العبوات | BJ108: =SUM(F108:BI108) -> 0 | BK108: =COUNT(F108:BI108) -> 0
B109: Quality losses | C109: Q5 | D109: مشكلة فى الخامة | BJ109: =SUM(F109:BI109) -> 0 | BK109: =COUNT(F109:BI109) -> 0
B110: Quality losses | C110: Q6 | D110: مشكلة فى السليف | BJ110: =SUM(F110:BI110) -> 0 | BK110: =COUNT(F110:BI110) -> 0
B111: Quality losses | C111: Q7 | D111: مشكلة فى الاستيكر | BJ111: =SUM(F111:BI111) -> 0 | BK111: =COUNT(F111:BI111) -> 0
B112: Quality losses | C112: Q8 | D112: تأخير محضر فحص | BJ112: =SUM(F112:BI112) -> 0 | BK112: =COUNT(F112:BI112) -> 0
B113: Management loss | C113: MG12 | D113: تأخير محضر فحص | BJ113: =SUM(F113:BI113) -> 0 | BK113: =COUNT(F113:BI113) -> 0
BJ114: =SUM(F114:BI114) -> 0 | BK114: =COUNT(F114:BI114) -> 0
C115: =SUM(BJ116:BJ120) -> 0 | D115: أعطال التصنيع | BJ115: =SUM(F115:BI115) -> 0 | BK115: =COUNT(F115:BI115) -> 0
B116: Management loss | C116: MG13 | D116: الوقوف على الخامة | BJ116: =SUM(F116:BI116) -> 0 | BK116: =COUNT(F116:BI116) -> 0
B117: Quality losses | C117: Q9 | D117: مشكلة فى الخامة | BJ117: =SUM(F117:BI117) -> 0 | BK117: =COUNT(F117:BI117) -> 0
B118: Quality losses | C118: Q10 | D118: وجود فوم فى الخامة | BJ118: =SUM(F118:BI118) -> 0 | BK118: =COUNT(F118:BI118) -> 0
...

Sheet 6 Nozzole 
F1: =SUM(F5:F19) -> 1556 | G1: =SUM(G5:G19) -> 0 | H1: =SUM(H5:H19) -> 2711 | I1: =SUM(I5:I19) -> 0 | J1: =SUM(J5:J19) -> 4068 | K1: =SUM(K5:K19) -> 0 | L1: =SUM(L5:L19) -> 4733 | M1: =SUM(M5:M19) -> 0 | ... BJ1: =SUM(BJ5:BJ19) -> 15378
C2: Date | F2: 46082 | H2: 46083 | J2: 46084 | L2: 46085 | N2: 46086 | P2: 46087 | R2: 46088 | T2: 46089 | V2: 46090 | X2: 46091 | Z2: 46092 | AB2: 46093 | AD2: 46094 | AF2: 46095 | AH2: 46096 | AJ2: 46097 | AL2: 46098 | AN2: 46099 | AP2: 46100 | AR2: 46101 | AT2: 46102 | AV2: 46103 | AX2: 46104 | AZ2: 46105 | BB2: 46106 | BD2: 46107 | BF2: 46108 | BH2: 46109
C3: Shift | F3: sh1 | G3: sh2 | H3: sh1 | I3: sh2 | J3: sh1 | K3: sh2 | L3: sh1 | M3: sh2 | N3: sh1 | O3: sh2 | P3: sh1 | Q3: sh2 | R3: sh1 | S3: sh2 | T3: sh1 | U3: sh2 | V3: sh1 | W3: sh2 | X3: sh1 | Y3: sh2 | Z3: sh1 | AA3: sh2 | AB3: sh1 | AC3: sh2 | AD3: sh1 | AE3: sh2 | AF3: sh1 | AG3: sh2 | AH3: sh1 | AI3: sh2 | AJ3: sh1 | AK3: sh2 | AL3: sh1 | AM3: sh2 | AN3: sh1 | AO3: sh2 | AP3: sh1 | AQ3: sh2 | AR3: sh1 | AS3: sh2 | AT3: sh1 | AU3: sh2 | AV3: sh1 | AW3: sh2 | AX3: sh1 | AY3: sh2 | AZ3: sh1 | BA3: sh2 | BB3: sh1 | BC3: sh2 | BD3: sh1 | BE3: sh2 | BF3: sh1 | BG3: sh2 | BH3: sh1 | BI3: sh2
C4: Item code | D4: Item description | E4: Rate | F4: الاحد | H4: الاثنين | J4: الثلاثاء | L4: الاربعاء | N4: الخميس | P4: الجمعة | R4: السبت | T4: الاحد | V4: الاثنين | X4: الثلاثاء | Z4: الاربعاء | AB4: الخميس | AD4: الجمعة | AF4: السبت | AH4: الاحد | AJ4: الاثنين | AL4: الثلاثاء | AN4: الاربعاء | AP4: الخميس | AR4: الجمعة | AT4: السبت | AV4: الاحد | AX4: الاثنين | AZ4: الثلاثاء | BB4: الاربعاء | BD4: الخميس | BF4: الجمعة | BH4: السبت
C5: =VLOOKUP(D5,Products!B:D,2,FALSE) -> 430000003 | D5: تريو برو هاند سوب باليمون الاخضر 500 مل | E5: 20 | F5: 1556 | H5: 1181 | BJ5: =SUM(F5:BI5) -> 2737 | BK5: =COUNT(F5:BI5) -> 2
C6: =VLOOKUP(D6,Products!B:D,2,FALSE) -> 430000002 | D6: تريو برو هاند سوب برائحة العود الملكى 500مل | E6: 20 | H6: 1530 | J6: =1478+1702 -> 3180 | BJ6: =SUM(F6:BI6) -> 4710 | BK6: =COUNT(F6:BI6) -> 2
C7: =VLOOKUP(D7,Products!B:D,2,FALSE) -> 45700023 | D7: فومز هاند سوب برائحة الليمون بالنعناع 500 مل | E7: 20 | J7: 888 | BJ7: =SUM(F7:BI7) -> 888 | BK7: =COUNT(F7:BI7) -> 1
C8: =VLOOKUP(D8,Products!B:D,2,FALSE) -> 43010001 | D8: تريو برو شاور چيل برائحة الزهور البيضاء 800مل | E8: 20 | L8: =2503+2230 -> 4733 | N8: 470 | BJ8: =SUM(F8:BI8) -> 5203 | BK8: =COUNT(F8:BI8) -> 2
C9: =VLOOKUP(D9,Products!B:D,2,FALSE) -> 43010003 | D9: تريو برو شاور چيل برائحة الكيوى 800مل | E9: 20 | N9: 1840 | BJ9: =SUM(F9:BI9) -> 1840 | BK9: =COUNT(F9:BI9) -> 1
C10: =VLOOKUP(D10,Products!B:D,2,FALSE) -> 43020002 | D10: تريو برو شامبو خالى من السلفات بخليط الزيوت 500مل | E10: 20 | T10: 2100
C11: =VLOOKUP(D11,Products!B:D,2,FALSE) -> 430000001 | D11: تريو برو هاند سوب برائحة الزهور البيضاء 500مل | E11: 20 | V11: 2460
C12: =VLOOKUP(D12,Products!B:D,2,FALSE) -> 45700021 | D12: Foaz hand wash Lavender& violets 500ml | E12: 20 | Z12: 1274 | AB12: 710
C13: =VLOOKUP(D13,Products!B:D,2,FALSE) -> #N/A | E13: 1
C14: =VLOOKUP(D14,Products!B:D,2,FALSE) -> #N/A | E14: 1
C15: =VLOOKUP(D15,Products!B:D,2,FALSE) -> #N/A | E15: 1
C16: =VLOOKUP(D16,Products!B:D,2,FALSE) -> #N/A | E16: 1
C17: =VLOOKUP(D17,Products!B:D,2,FALSE) -> #N/A | E17: 1
C18: =VLOOKUP(D18,Products!B:D,2,FALSE) -> #N/A | E18: 1
C19: =VLOOKUP(D19,Products!B:D,2,FALSE) -> #N/A | E19: 1 | BJ19: =SUM(F19:BI19) -> 0 | BK19: =COUNT(F19:BI19) -> 0
D20: التوالف | F20: =SUM(F21:F28) -> 0 | G20: =SUM(G21:G28) -> 0 | H20: =SUM(H21:H28) -> 0 | I20: =SUM(I21:I28) -> 0 | J20: =SUM(J21:J28) -> 0 | K20: =SUM(K21:K28) -> 0 | L20: =SUM(L21:L28) -> 0 | M20: =SUM(M21:M28) -> 0 | ... BI20: =SUM(BI21:BI28) -> 0 | BJ20: =SUM(F20:BI20) -> 0 | BK20: =COUNT(F20:BI20) -> 56
D21: (مورد) | BJ21: =SUM(F21:BI21) -> 0 | BK21: =COUNT(F21:BI21) -> 0
D22: عبوة | BJ22: =SUM(F22:BI22) -> 0 | BK22: =COUNT(F22:BI22) -> 0
D23: غطاء | BJ23: =SUM(F23:BI23) -> 0 | BK23: =COUNT(F23:BI23) -> 0
BJ24: =SUM(F24:BI24) -> 0 | BK24: =COUNT(F24:BI24) -> 0
D25: (تشغيل) | BJ25: =SUM(F25:BI25) -> 0 | BK25: =COUNT(F25:BI25) -> 0
D26: عبوة | BJ26: =SUM(F26:BI26) -> 0 | BK26: =COUNT(F26:BI26) -> 0
D27: غطاء | BJ27: =SUM(F27:BI27) -> 0 | BK27: =COUNT(F27:BI27) -> 0
D28: بامب | BJ28: =SUM(F28:BI28) -> 0 | BK28: =COUNT(F28:BI28) -> 0
D29: Unplanned downtime | F29: =SUM(F30:F107) -> 0 | G29: =SUM(G30:G107) -> 0 | H29: =SUM(H30:H107) -> 20 | I29: =SUM(I30:I107) -> 0 | J29: =SUM(J30:J107) -> 64 | K29: =SUM(K30:K107) -> 0 | L29: =SUM(L30:L107) -> 85 | M29: =SUM(M30:M107) -> 0 | ... BI29: =SUM(BI30:BI107) -> 0 | BJ29: =SUM(F29:BI29) -> 209 | BK29: =COUNT(F29:BI29) -> 56
C30: =SUM(BJ31:BJ50) -> 0 | D30: اعطال الصيانة | BJ30: =SUM(F30:BI30) -> 0 | BK30: =COUNT(F30:BI30) -> 0
B31: Machine failure | C31: MF1 | D31: مشكلة فى النزل | BJ31: =SUM(F31:BI31) -> 0 | BK31: =COUNT(F31:BI31) -> 0
B32: Set up& adjustment | C32: ADJ1 | D32: ضبط الميزان | BJ32: =SUM(F32:BI32) -> 0 | BK32: =COUNT(F32:BI32) -> 0
B33: Machine failure | C33: MF2 | D33: مشكلة فى الميزان | BJ33: =SUM(F33:BI33) -> 0 | BK33: =COUNT(F33:BI33) -> 0
B34: Machine failure | C34: MF3 | D34: مشكلة فى المكبس | BJ34: =SUM(F34:BI34) -> 0 | BK34: =COUNT(F34:BI34) -> 0
B35: Machine failure | C35: MF4 | D35: تسريب الخامة من العبوات | BJ35: =SUM(F35:BI35) -> 0 | BK35: =COUNT(F35:BI35) -> 0
B36: Machine failure | C36: MF5 | D36: مشكة فى ضغط العبوات (اللحام) | BJ36: =SUM(F36:BI36) -> 0 | BK36: =COUNT(F36:BI36) -> 0
B37: Machine failure | C37: MF6 | D37: مشكلة فى السخانات | BJ37: =SUM(F37:BI37) -> 0 | BK37: =COUNT(F37:BI37) -> 0
B38: Machine failure | C38: MF7 | D38: ضبط الكاميرا | BJ38: =SUM(F38:BI38) -> 0 | BK38: =COUNT(F38:BI38) -> 0
B39: Quality losses | C39: Q1 | D39: ضبط الكاميرا | BJ39: =SUM(F39:BI39) -> 0 | BK39: =COUNT(F39:BI39) -> 0
B40: utility loss | C40: UT1 | D40: مشكله في ضغط الهواء (فى الكومبرسور) | BJ40: =SUM(F40:BI40) -> 0 | BK40: =COUNT(F40:BI40) -> 0
B41: Machine failure | C41: MF8 | D41: مشكله في خرطوم الهواء | BJ41: =SUM(F41:BI41) -> 0 | BK41: =COUNT(F41:BI41) -> 0
B42: Machine failure | C42: MF9 | D42: ضبط اعدادات الماكينة | BJ42: =SUM(F42:BI42) -> 0 | BK42: =COUNT(F42:BI42) -> 0
... B57: utility loss | C57: UT3 | D57: مشكلة فى الشيلر | BJ57: =SUM(F57:BI57) -> 0 | BK57: =COUNT(F57:BI57) -> 0
BJ58: =SUM(F58:BI58) -> 0 | BK58: =COUNT(F58:BI58) -> 0
C59: =SUM(BJ61:BJ85) -> 124 | D59: اعطال الانتاج | BJ59: =SUM(F59:BI59) -> 0 | BK59: =COUNT(F59:BI59) -> 0
B60: Set up& adjustment | C60: ADJ9 | D60: ضبط الكاميرا | BJ60: =SUM(F60:BI60) -> 0 | BK60: =COUNT(F60:BI60) -> 0
B61: Management loss | C61: MG1 | D61: اعطال النقل من مكان لاخر | BJ61: =SUM(F61:BI61) -> 0 | BK61: =COUNT(F61:BI61) -> 0
B62: Management loss | C62: MG2 | D62: عمال غير مدربة | BJ62: =SUM(F62:BI62) -> 0 | BK62: =COUNT(F62:BI62) -> 0
B63: Management loss | C63: MG3 | D63: تنظيف الماكينة | BJ63: =SUM(F63:BI63) -> 0 | BK63: =COUNT(F63:BI63) -> 0
B64: Management loss | C64: MG4 | D64: تنظيف بستم الفويل | BJ64: =SUM(F64:BI64) -> 0 | BK64: =COUNT(F64:BI64) -> 0
B65: Management loss | C65: MG5 | D65: تنظيف سير نقل المنتج | BJ65: =SUM(F65:BI65) -> 0 | BK65: =COUNT(F65:BI65) -> 0
B66: Management loss | C66: MG6 | D66: الوقوف على العبوات المجهزة | BJ66: =SUM(F66:BI66) -> 0 | BK66: =COUNT(F66:BI66) -> 0
B67: Management loss | C67: MG7 | D67: تأخير صرف المستلزمات | BJ67: =SUM(F67:BI67) -> 0 | BK67: =COUNT(F67:BI67) -> 0
B68: Management loss | C68: MG8 | D68: عدم وجود عمالة كافية | BJ68: =SUM(F68:BI68) -> 0 | BK68: =COUNT(F68:BI68) -> 0
B69: Set up& adjustment | C69: ADJ10 | D69: تغيير التانك | BJ69: =SUM(F69:BI69) -> 0 | BK69: =COUNT(F69:BI69) -> 0
B70: minor losses | C70: MIN1 | D70: لم خامة من الهوبر | BJ70: =SUM(F70:BI70) -> 0 | BK70: =COUNT(F70:BI70) -> 0
B71: Management loss | C71: MG9 | D71: اعطال خط التغليف | BJ71: =SUM(F71:BI71) -> 0 | BK71: =COUNT(F71:BI71) -> 0
... B82: Start up loss | C82: SU3 | D82: بداية التشغيل | BJ82: =SUM(F82:BI82) -> 0 | BK82: =COUNT(F82:BI82) -> 0
B83: Start up loss | C83: SU4 | D83: Changover | H83: 20 | J83: 34 | L83: 30 | N83: 40 | BJ83: =SUM(F83:BI83) -> 124
B84: minor losses | C84: MIN2 | D84: التشغيل بسرعة اقل | BJ84: =SUM(F84:BI84) -> 0 | BK84: =COUNT(F84:BI84) -> 0
BJ85: =SUM(F85:BI85) -> 0 | BK85: =COUNT(F85:BI85) -> 0
C86: =SUM(BJ87:BJ89) -> 0 | D86: أعطال التخطيط | BJ86: =SUM(F86:BI86) -> 0 | BK86: =COUNT(F86:BI86) -> 0
B87: Management loss | C87: MG10 | D87: الوقوف على المستلزمات (تخطيط) | BJ87: =SUM(F87:BI87) -> 0 | BK87: =COUNT(F87:BI87) -> 0
BJ88: =SUM(F88:BI88) -> 0 | BK88: =COUNT(F88:BI88) -> 0
BJ89: =SUM(F89:BI89) -> 0 | BK89: =COUNT(F89:BI89) -> 0
C90: =SUM(BJ91:BJ93) -> 85 | D90: أعطال المخزن | BJ90: =SUM(F90:BI90) -> 0 | BK90: =COUNT(F90:BI90) -> 0
B91: Management loss | C91: MG11 | D91: الوقوف على المستلزمات (مخزن) | J91: 30 | L91: 55 | BJ91: =SUM(F91:BI91) -> 85 | BK91: =COUNT(F91:BI91) -> 2
BJ92: =SUM(F92:BI92) -> 0 | BK92: =COUNT(F92:BI92) -> 0
BJ93: =SUM(F93:BI93) -> 0 | BK93: =COUNT(F93:BI93) -> 0
C94: =SUM(BJ95:BJ101) -> 0 | D94: أعطال الجودة | BJ94: =SUM(F94:BI94) -> 0 | BK94: =COUNT(F94:BI94) -> 0
B95: Quality losses | C95: Q4 | D95: مشكلة فى العبوات | BJ95: =SUM(F95:BI95) -> 0 | BK95: =COUNT(F95:BI95) -> 0
B96: Quality losses | C96: Q5 | D96: مشكلة فى الخامة | BJ96: =SUM(F96:BI96) -> 0 | BK96: =COUNT(F96:BI96) -> 0
B97: Quality losses | C97: Q6 | D97: مشكلة فى السليف | BJ97: =SUM(F97:BI97) -> 0 | BK97: =COUNT(F97:BI97) -> 0
B98: Quality losses | C98: Q7 | D98: مشكلة فى الاستيكر | BJ98: =SUM(F98:BI98) -> 0 | BK98: =COUNT(F98:BI98) -> 0
B99: Quality losses | C99: Q8 | D99: تأخير محضر فحص | BJ99: =SUM(F99:BI99) -> 0 | BK99: =COUNT(F99:BI99) -> 0
B100: Management loss | C100: MG12 | D100: تأخير محضر فحص | BJ100: =SUM(F100:BI100) -> 0 | BK100: =COUNT(F100:BI100) -> 0
BJ101: =SUM(F101:BI101) -> 0 | BK101: =COUNT(F101:BI101) -> 0
C102: =SUM(BJ103:BJ107) -> 0 | D102: أعطال التصنيع | BJ102: =SUM(F102:BI102) -> 0 | BK102: =COUNT(F102:BI102) -> 0
B103: Management loss | C103: MG13 | D103: الوقوف على الخامة | BJ103: =SUM(F103:BI103) -> 0 | BK103: =COUNT(F103:BI103) -> 0
B104: Quality losses | C104: Q9 | D104: مشكلة فى الخامة | BJ104: =SUM(F104:BI104) -> 0 | BK104: =COUNT(F104:BI104) -> 0
B105: Quality losses | C105: Q10 | D105: وجود فوم فى الخامة | BJ105: =SUM(F105:BI105) -> 0 | BK105: =COUNT(F105:BI105) -> 0
BJ106: =SUM(F106:BI106) -> 0 | BK106: =COUNT(F106:BI106) -> 0
BJ107: =SUM(F107:BI107) -> 0 | BK107: =COUNT(F107:BI107) -> 0
D108: عدد العمال المطلوب | BJ108: =SUM(F108:BI108) -> 0
D109: عدد العمال الفعلى | BJ109: =SUM(F109:BI109) -> 0
D110: shift | F110: 6 | H110: 6 | J110: 6 | L110: 6 | N110: 6 | T110: 6 | V110: 6 | Z110: 6 | AB110: 6 | BJ110: =SUM(F110:BI110) -> 54
D111: الوقت الاضافى | BJ111: =SUM(F111:BI111) -> 0
D112: اجمالى الورديات بالدقيقة | F112: =(F110*60)+F111 -> 360 | G112: =(G110*60)+G111 -> 0 | H112: =(H110*60)+H111 -> 360 | I112: =(I110*60)+I111 -> 0 | J112: =(J110*60)+J111 -> 360 | K112: =(K110*60)+K111 -> 0 | L112: =(L110*60)+L111 -> 360 | M112: =(M110*60)+M111 -> 0 | ... BI112: =(BI110*60)+BI111 -> 0 | BJ112: =SUM(F112:BI112) -> 3240
D113: Available Time | F113: =F112-F114 -> 84 | G113: =G112-G114 -> 0 | H113: =H112-H114 -> 190 | I113: =I112-I114 -> 0 | J113: =J112-J114 -> 288 | K113: =K112-K114 -> 0 | L113: =L112-L114 -> 360 | M113: =M112-M114 -> 0 | ... BI113: =BI112-BI114 -> 0 | BJ113: =SUM(F113:BI113) -> 1491
D114: اجمالى الاعطال المخططة | F114: =SUM(F115:F116) -> 276 | G114: =SUM(G115:G116) -> 0 | H114: =SUM(H115:H116) -> 170 | I114: =SUM(I115:I116) -> 0 | J114: =SUM(J115:J116) -> 72 | K114: =SUM(K115:K116) -> 0 | L114: =SUM(L115:L116) -> 0 | M114: =SUM(M115:M116) -> 0 | ... BI114: =SUM(BI115:BI116) -> 0 | BJ114: =SUM(F114:BI114) -> 1749
D115: الاعطال المخططة/بداية التشغيل | F115: =4.6*60 -> 276 | H115: 170 | J115: 72 | N115: 71 | T115: =4*60 -> 240 | V115: 220 | Z115: =4*60+50 -> 290 | BJ115: =SUM(F115:BI115) -> 1339
D116: انتهاء امر الانتاج | N116: 90 | AB116: =5*60+20 -> 320 | BJ116: =SUM(F116:BI116) -> 410
D117: Production Time | F117: =F112-F114-F29 -> 84 | H117: =H112-H114-H29 -> 170 | J117: =J112-J114-J29 -> 224 | L117: =L112-L114-L29 -> 275 | N117: =N112-N114-N29 -> 159 | T117: =T112-T114-T29 -> 120 | V117: =V112-V114-V29 -> 140 | Z117: =Z112-Z114-Z29 -> 70 | AB117: =AB112-AB114-AB29 -> 40 | BJ117: =BJ112-BJ114-BJ29 -> 1282
D118: Effective Time (Min.) | F118: =IFERROR(SUMPRODUCT(F5:F19/$E$5:$E$19),0) -> 77.8 | H118: =IFERROR(SUMPRODUCT(H5:H19/$E$5:$E$19),0) -> 135.55 | J118: =IFERROR(SUMPRODUCT(J5:J19/$E$5:$E$19),0) -> 203.4 | L118: =IFERROR(SUMPRODUCT(L5:L19/$E$5:$E$19),0) -> 236.65 | N118: =IFERROR(SUMPRODUCT(N5:N19/$E$5:$E$19),0) -> 115.5 | T118: =IFERROR(SUMPRODUCT(T5:T19/$E$5:$E$19),0) -> 105 | V118: =IFERROR(SUMPRODUCT(V5:V19/$E$5:$E$19),0) -> 123 | Z118: =IFERROR(SUMPRODUCT(Z5:Z19/$E$5:$E$19),0) -> 63.7 | AB118: =IFERROR(SUMPRODUCT(AB5:AB19/$E$5:$E$19),0) -> 35.5 | BJ118: =IFERROR(SUMPRODUCT(BJ5:BJ19/$E$5:$E$19),0) -> 768.9
D119: Unaccounted Time Loss (Min.) | F119: =F117-F118 -> 6.2 | H119: =H117-H118 -> 34.45 | J119: =J117-J118 -> 20.6 | L119: =L117-L118 -> 38.35 | N119: =N117-N118 -> 43.5 | T119: =T117-T118 -> 15 | V119: =V117-V118 -> 17 | Z119: =Z117-Z118 -> 6.3 | AB119: =AB117-AB118 -> 4.5 | BJ119: =BJ117-BJ118 -> 513.1
D120: السرعه الفعلية للماكينة | F120: =SUM(F5:F20)/(F113-F29) -> 18.52381 | H120: =SUM(H5:H20)/(H113-H29) -> 15.947059 | J120: =SUM(J5:J20)/(J113-J29) -> 18.160714 | L120: =SUM(L5:L20)/(L113-L29) -> 17.210909 | N120: =SUM(N5:N20)/(N113-N29) -> 14.528302 | T120: =SUM(T5:T20)/(T113-T29) -> 17.5 | V120: =SUM(V5:V20)/(V113-V29) -> 17.571429 | Z120: =SUM(Z5:Z20)/(Z113-Z29) -> 18.2 | AB120: =SUM(AB5:AB20)/(AB113-AB29) -> 17.75 | BJ120: =SUM(BJ5:BJ20)/(BJ113-BJ29) -> 11.99532
D121: Availability | F121: =(F113-F29)/F113 -> 1 | H121: =(H113-H29)/H113 -> 0.89473684 | J121: =(J113-J29)/J113 -> 0.77777778 | L121: =(L113-L29)/L113 -> 0.76388889 | N121: =(N113-N29)/N113 -> 0.79899497 | T121: =(T113-T29)/T113 -> 1 | V121: =(V113-V29)/V113 -> 1 | Z121: =(Z113-Z29)/Z113 -> 1 | AB121: =(AB113-AB29)/AB113 -> 1 | BJ121: =(BJ113-BJ29)/BJ113 -> 0.85982562
D122: Performance | F122: =F118/F117 -> 0.92619048 | H122: =H118/H117 -> 0.79735294 | J122: =J118/J117 -> 0.90803571 | L122: =L118/L117 -> 0.86054545 | N122: =N118/N117 -> 0.72641509 | T122: =T118/T117 -> 0.875 | V122: =V118/V117 -> 0.87857143 | Z122: =Z118/Z117 -> 0.91 | AB122: =AB118/AB117 -> 0.8875 | BJ122: =BJ118/BJ117 -> 0.59976599
D123: Quality | F123: =SUM(F5:F19)/(SUM(F5:F20)) -> 1 | H123: =SUM(H5:H19)/(SUM(H5:H20)) -> 1 | J123: =SUM(J5:J19)/(SUM(J5:J20)) -> 1 | L123: =SUM(L5:L19)/(SUM(L5:L20)) -> 1 | N123: =SUM(N5:N19)/(SUM(N5:N20)) -> 1 | T123: =SUM(T5:T19)/(SUM(T5:T20)) -> 1 | V123: =SUM(V5:V19)/(SUM(V5:V20)) -> 1 | Z123: =SUM(Z5:Z19)/(SUM(Z5:Z20)) -> 1 | AB123: =SUM(AB5:AB19)/(SUM(AB5:AB20)) -> 1 | BJ123: =SUM(BJ5:BJ19)/(SUM(BJ5:BJ20)) -> 1
D124: OEE | F124: =F123*F122*F121 -> 0.92619048 | H124: =H123*H122*H121 -> 0.71342105 | J124: =J123*J122*J121 -> 0.70625 | L124: =L123*L122*L121 -> 0.65736111 | N124: =N123*N122*N121 -> 0.58040201 | T124: =T123*T122*T121 -> 0.875 | V124: =V123*V122*V121 -> 0.87857143 | Z124: =Z123*Z122*Z121 -> 0.91 | AB124: =AB123*AB122*AB121 -> 0.8875 | BJ124: =BJ123*BJ122*BJ121 -> 0.51569416
...

Sheet ROLL ON
F1: =SUM(F5:F16) -> 4423 | G1: =SUM(G5:G16) -> 0 | H1: =SUM(H5:H16) -> 0 | I1: =SUM(I5:I16) -> 0 | J1: =SUM(J5:J16) -> 0 | K1: =SUM(K5:K16) -> 0 | L1: =SUM(L5:L16) -> 0 | M1: =SUM(M5:M16) -> 0 | ... BJ1: =SUM(BJ5:BJ16) -> 19031
C2: Date | F2: 46082 | H2: 46083 | J2: 46084 | L2: 46085 | N2: 46086 | P2: 46087 | R2: 46088 | T2: 46089 | V2: 46090 | X2: 46091 | Z2: 46092 | AB2: 46093 | AD2: 46094 | AF2: 46095 | AH2: 46096 | AJ2: 46097 | AL2: 46098 | AN2: 46099 | AP2: 46100 | AR2: 46101 | AT2: 46102 | AV2: 46103 | AX2: 46104 | AZ2: 46105 | BB2: 46106 | BD2: 46107 | BF2: 46108 | BH2: 46109
C3: Shift | F3: sh1 | G3: sh2 | H3: sh1 | I3: sh2 | J3: sh1 | K3: sh2 | L3: sh1 | M3: sh2 | N3: sh1 | O3: sh2 | P3: sh1 | Q3: sh2 | R3: sh1 | S3: sh2 | T3: sh1 | U3: sh2 | V3: sh1 | W3: sh2 | X3: sh1 | Y3: sh2 | Z3: sh1 | AA3: sh2 | AB3: sh1 | AC3: sh2 | AD3: sh1 | AE3: sh2 | AF3: sh1 | AG3: sh2 | AH3: sh1 | AI3: sh2 | AJ3: sh1 | AK3: sh2 | AL3: sh1 | AM3: sh2 | AN3: sh1 | AO3: sh2 | AP3: sh1 | AQ3: sh2 | AR3: sh1 | AS3: sh2 | AT3: sh1 | AU3: sh2 | AV3: sh1 | AW3: sh2 | AX3: sh1 | AY3: sh2 | AZ3: sh1 | BA3: sh2 | BB3: sh1 | BC3: sh2 | BD3: sh1 | BE3: sh2 | BF3: sh1 | BG3: sh2 | BH3: sh1 | BI3: sh2
C4: Item code | D4: Item description | E4: Rate | F4: الاحد | H4: الاثنين | J4: الثلاثاء | L4: الاربعاء | N4: الخميس | P4: الجمعة | R4: السبت | T4: الاحد | V4: الاثنين | X4: الثلاثاء | Z4: الاربعاء | AB4: الخميس | AD4: الجمعة | AF4: السبت | AH4: الاحد | AJ4: الاثنين | AL4: الثلاثاء | AN4: الاربعاء | AP4: الخميس | AR4: الجمعة | AT4: السبت | AV4: الاحد | AX4: الاثنين | AZ4: الثلاثاء | BB4: الاربعاء | BD4: الخميس | BF4: الجمعة | BH4: السبت
C5: =VLOOKUP(D5,Products!B:D,2,FALSE) -> 40610002 | D5: Vibex Roll on Pink Mystic | E5: 31 | F5: 4423 | BJ5: =SUM(F5:BI5) -> 4423 | BK5: =COUNT(F5:BI5) -> 1
C6: =VLOOKUP(D6,Products!B:D,2,FALSE) -> 40610005 | D6: VEBIX Roll-on Powder Touch New | E6: 31 | V6: 4185 | BJ6: =SUM(F6:BI6) -> 4185 | BK6: =COUNT(F6:BI6) -> 1
C7: =VLOOKUP(D7,Products!B:D,2,FALSE) -> 42000007 | D7: Trio Roll- on Secret | E7: 31 | Z7: 6000 | BJ7: =SUM(F7:BI7) -> 6000 | BK7: =COUNT(F7:BI7) -> 1
C8: =VLOOKUP(D8,Products!B:D,2,FALSE) -> 43060003 | D8: تريو رول اون حريمي سكريت 75 مل | E8: 31 | Z8: 963 | AB8: 3460 | BJ8: =SUM(F8:BI8) -> 4423 | BK8: =COUNT(F8:BI8) -> 2
C9: =VLOOKUP(D9,Products!B:D,2,FALSE) -> 40610004 | D9: Vibex Roll Male Lemon & Herbs /Fresh Energy | E9: 31 | AB9: 785 | AF9: 7060
C10: =VLOOKUP(D10,Products!B:D,2,FALSE) -> #N/A | E10: 1
C11: =VLOOKUP(D11,Products!B:D,2,FALSE) -> #N/A | E11: 1
C12: =VLOOKUP(D12,Products!B:D,2,FALSE) -> #N/A | E12: 1
C13: =VLOOKUP(D13,Products!B:D,2,FALSE) -> #N/A | E13: 1
C14: =VLOOKUP(D14,Products!B:D,2,FALSE) -> #N/A | E14: 1
C15: =VLOOKUP(D15,Products!B:D,2,FALSE) -> #N/A | E15: 1
C16: =VLOOKUP(D16,Products!B:D,2,FALSE) -> #N/A | E16: 1 | BJ16: =SUM(F16:BI16) -> 0 | BK16: =COUNT(F16:BI16) -> 0
D17: التوالف | F17: =SUM(F18:F26) -> 0 | G17: =SUM(G18:G26) -> 0 | H17: =SUM(H18:H26) -> 0 | I17: =SUM(I18:I26) -> 0 | J17: =SUM(J18:J26) -> 0 | K17: =SUM(K18:K26) -> 0 | L17: =SUM(L18:L26) -> 0 | M17: =SUM(M18:M26) -> 0 | ... BI17: =SUM(BI18:BI26) -> 0 | BJ17: =SUM(F17:BI17) -> 0 | BK17: =COUNT(F17:BI17) -> 56
D18: (مورد) | BJ18: =SUM(F18:BI18) -> 0 | BK18: =COUNT(F18:BI18) -> 0
D19: عبوة | BJ19: =SUM(F19:BI19) -> 0 | BK19: =COUNT(F19:BI19) -> 0
D20: غطاء | BJ20: =SUM(F20:BI20) -> 0 | BK20: =COUNT(F20:BI20) -> 0
BJ21: =SUM(F21:BI21) -> 0 | BK21: =COUNT(F21:BI21) -> 0
D22: (تشغيل) | BJ22: =SUM(F22:BI22) -> 0 | BK22: =COUNT(F22:BI22) -> 0
D23: عبوة | BJ23: =SUM(F23:BI23) -> 0 | BK23: =COUNT(F23:BI23) -> 0
D24: غطاء | BJ24: =SUM(F24:BI24) -> 0 | BK24: =COUNT(F24:BI24) -> 0
D25: طبة | BJ25: =SUM(F25:BI25) -> 0 | BK25: =COUNT(F25:BI25) -> 0
BJ26: =SUM(F26:BI26) -> 0 | BK26: =COUNT(F26:BI26) -> 0
D27: Unplanned downtime | F27: =SUM(F28:F105) -> 0 | G27: =SUM(G28:G105) -> 0 | H27: =SUM(H28:H105) -> 0 | I27: =SUM(I28:I105) -> 0 | J27: =SUM(J28:J105) -> 0 | K27: =SUM(K28:K105) -> 0 | L27: =SUM(L28:L105) -> 0 | M27: =SUM(M28:M105) -> 0 | ... BI27: =SUM(BI28:BI105) -> 0 | BJ27: =SUM(F27:BI27) -> 105 | BK27: =COUNT(F27:BI27) -> 56
C28: =SUM(BJ29:BJ48) -> 0 | D28: اعطال الصيانة | BJ28: =SUM(F28:BI28) -> 0 | BK28: =COUNT(F28:BI28) -> 0
B29: Machine failure | C29: MF1 | D29: مشكلة فى النزل | BJ29: =SUM(F29:BI29) -> 0 | BK29: =COUNT(F29:BI29) -> 0
B30: Set up& adjustment | C30: ADJ1 | D30: ضبط الميزان | BJ30: =SUM(F30:BI30) -> 0 | BK30: =COUNT(F30:BI30) -> 0
B31: Machine failure | C31: MF2 | D31: مشكلة فى الميزان | BJ31: =SUM(F31:BI31) -> 0 | BK31: =COUNT(F31:BI31) -> 0
B32: Machine failure | C32: MF3 | D32: مشكلة فى المكبس | BJ32: =SUM(F32:BI32) -> 0 | BK32: =COUNT(F32:BI32) -> 0
B33: Machine failure | C33: MF4 | D33: تسريب الخامة من العبوات | BJ33: =SUM(F33:BI33) -> 0 | BK33: =COUNT(F33:BI33) -> 0
B34: Machine failure | C34: MF5 | D34: مشكة فى ضغط العبوات (اللحام) | BJ34: =SUM(F34:BI34) -> 0 | BK34: =COUNT(F34:BI34) -> 0
B35: Machine failure | C35: MF6 | D35: مشكلة فى السخانات | BJ35: =SUM(F35:BI35) -> 0 | BK35: =COUNT(F35:BI35) -> 0
B36: Machine failure | C36: MF7 | D36: ضبط الكاميرا | BJ36: =SUM(F36:BI36) -> 0 | BK36: =COUNT(F36:BI36) -> 0
B37: Quality losses | C37: Q1 | D37: ضبط الكاميرا | BJ37: =SUM(F37:BI37) -> 0 | BK37: =COUNT(F37:BI37) -> 0
B38: utility loss | C38: UT1 | D38: مشكله في ضغط الهواء (فى الكومبرسور) | BJ38: =SUM(F38:BI38) -> 0 | BK38: =COUNT(F38:BI38) -> 0
B39: Machine failure | C39: MF8 | D39: مشكله في خرطوم الهواء | BJ39: =SUM(F39:BI39) -> 0 | BK39: =COUNT(F39:BI39) -> 0
B40: Machine failure | C40: MF9 | D40: ضبط اعدادات الماكينة | BJ40: =SUM(F40:BI40) -> 0 | BK40: =COUNT(F40:BI40) -> 0
... B55: utility loss | C55: UT3 | D55: مشكلة فى الشيلر | BJ55: =SUM(F55:BI55) -> 0 | BK55: =COUNT(F55:BI55) -> 0
D56: مشكله في زراع الطبه | BJ56: =SUM(F56:BI56) -> 0 | BK56: =COUNT(F56:BI56) -> 0
C57: =SUM(BJ59:BJ83) -> 105 | D57: اعطال الانتاج | BJ57: =SUM(F57:BI57) -> 0 | BK57: =COUNT(F57:BI57) -> 0
B58: Set up& adjustment | C58: ADJ9 | D58: ضبط الكاميرا | BJ58: =SUM(F58:BI58) -> 0 | BK58: =COUNT(F58:BI58) -> 0
B59: Management loss | C59: MG1 | D59: اعطال النقل من مكان لاخر | BJ59: =SUM(F59:BI59) -> 0 | BK59: =COUNT(F59:BI59) -> 0
B60: Management loss | C60: MG2 | D60: عمال غير مدربة | BJ60: =SUM(F60:BI60) -> 0 | BK60: =COUNT(F60:BI60) -> 0
B61: Management loss | C61: MG3 | D61: تنظيف الماكينة | BJ61: =SUM(F61:BI61) -> 0 | BK61: =COUNT(F61:BI61) -> 0
B62: Management loss | C62: MG4 | D62: تنظيف بستم الفويل | BJ62: =SUM(F62:BI62) -> 0 | BK62: =COUNT(F62:BI62) -> 0
B63: Management loss | C63: MG5 | D63: تنظيف سير نقل المنتج | BJ63: =SUM(F63:BI63) -> 0 | BK63: =COUNT(F63:BI63) -> 0
B64: Management loss | C64: MG6 | D64: الوقوف على العبوات المجهزة | AF64: 50 | BJ64: =SUM(F64:BI64) -> 50 | BK64: =COUNT(F64:BI64) -> 1
B65: Management loss | C65: MG7 | D65: تأخير صرف المستلزمات | BJ65: =SUM(F65:BI65) -> 0 | BK65: =COUNT(F65:BI65) -> 0
B66: Management loss | C66: MG8 | D66: عدم وجود عمالة كافية | BJ66: =SUM(F66:BI66) -> 0 | BK66: =COUNT(F66:BI66) -> 0
B67: Set up& adjustment | C67: ADJ10 | D67: تغيير التانك | BJ67: =SUM(F67:BI67) -> 0 | BK67: =COUNT(F67:BI67) -> 0
B68: minor losses | C68: MIN1 | D68: تعبئة | BJ68: =SUM(F68:BI68) -> 0 | BK68: =COUNT(F68:BI68) -> 0
B69: Management loss | C69: MG9 | D69: اعطال خط التغليف | BJ69: =SUM(F69:BI69) -> 0 | BK69: =COUNT(F69:BI69) -> 0
B70: Start up loss | C70: SU1 | D70: تغيير حجم المنتج على الماكينة | BJ70: =SUM(F70:BI70) -> 0 | BK70: =COUNT(F70:BI70) -> 0
B71: Machine failure | C71: MF16 | D71: مشاكل ضخ الخامة | BJ71: =SUM(F71:BI71) -> 0 | BK71: =COUNT(F71:BI71) -> 0
B72: Set up& adjustment | C72: ADJ11 | D72: ضبط مكبس الغطاء | BJ72: =SUM(F72:BI72) -> 0 | BK72: =COUNT(F72:BI72) -> 0
B73: Set up& adjustment | C73: AD12 | D73: ضبط سلم الغطاء | BJ73: =SUM(F73:BI73) -> 0 | BK73: =COUNT(F73:BI73) -> 0
B74: Quality losses | C74: ADJ12 | D74: ضبط سلم الغطاء | BJ74: =SUM(F74:BI74) -> 0 | BK74: =COUNT(F74:BI74) -> 0
B75: Set up& adjustment | C75: ADJ13 | D75: ضبط مكبس الفويل | BJ75: =SUM(F75:BI75) -> 0 | BK75: =COUNT(F75:BI75) -> 0
B76: Set up& adjustment | C76: ADJ14 | D76: ضبط نزل العبوات | BJ76: =SUM(F76:BI76) -> 0 | BK76: =COUNT(F76:BI76) -> 0
... B80: Start up loss | C80: SU3 | D80: بداية التشغيل | BJ80: =SUM(F80:BI80) -> 0 | BK80: =COUNT(F80:BI80) -> 0
B81: Start up loss | C81: SU4 | D81: Changover | AB81: 55 | BJ81: =SUM(F81:BI81) -> 55
B82: minor losses | C82: MIN2 | D82: التشغيل بسرعة اقل | BJ82: =SUM(F82:BI82) -> 0 | BK82: =COUNT(F82:BI82) -> 0
BJ83: =SUM(F83:BI83) -> 0 | BK83: =COUNT(F83:BI83) -> 0
C84: =SUM(BJ85:BJ87) -> 0 | D84: أعطال التخطيط | BJ84: =SUM(F84:BI84) -> 0 | BK84: =COUNT(F84:BI84) -> 0
B85: Management loss | C85: MG10 | D85: الوقوف على المستلزمات (تخطيط) | BJ85: =SUM(F85:BI85) -> 0 | BK85: =COUNT(F85:BI85) -> 0
BJ86: =SUM(F86:BI86) -> 0 | BK86: =COUNT(F86:BI86) -> 0
BJ87: =SUM(F87:BI87) -> 0 | BK87: =COUNT(F87:BI87) -> 0
C88: =SUM(BJ89:BJ91) -> 0 | D88: أعطال المخزن | BJ88: =SUM(F88:BI88) -> 0 | BK88: =COUNT(F88:BI88) -> 0
B89: Management loss | C89: MG11 | D89: الوقوف على المستلزمات (مخزن) | BJ89: =SUM(F89:BI89) -> 0 | BK89: =COUNT(F89:BI89) -> 0
BJ90: =SUM(F90:BI90) -> 0 | BK90: =COUNT(F90:BI90) -> 0
BJ91: =SUM(F91:BI91) -> 0 | BK91: =COUNT(F91:BI91) -> 0
C92: =SUM(BJ93:BJ99) -> 0 | D92: أعطال الجودة | BJ92: =SUM(F92:BI92) -> 0 | BK92: =COUNT(F92:BI92) -> 0
B93: Quality losses | C93: Q4 | D93: مشكلة فى العبوات | BJ93: =SUM(F93:BI93) -> 0 | BK93: =COUNT(F93:BI93) -> 0
B94: Quality losses | C94: Q5 | D94: مشكلة فى الخامة | BJ94: =SUM(F94:BI94) -> 0 | BK94: =COUNT(F94:BI94) -> 0
B95: Quality losses | C95: Q6 | D95: مشكلة فى السليف | BJ95: =SUM(F95:BI95) -> 0 | BK95: =COUNT(F95:BI95) -> 0
B96: Quality losses | C96: Q7 | D96: مشكلة فى الاستيكر | BJ96: =SUM(F96:BI96) -> 0 | BK96: =COUNT(F96:BI96) -> 0
B97: Quality losses | C97: Q8 | D97: تأخير محضر فحص | BJ97: =SUM(F97:BI97) -> 0 | BK97: =COUNT(F97:BI97) -> 0
B98: Management loss | C98: MG12 | D98: تأخير محضر فحص | BJ98: =SUM(F98:BI98) -> 0 | BK98: =COUNT(F98:BI98) -> 0
BJ99: =SUM(F99:BI99) -> 0 | BK99: =COUNT(F99:BI99) -> 0
C100: =SUM(BJ101:BJ105) -> 0 | D100: أعطال التصنيع | BJ100: =SUM(F100:BI100) -> 0 | BK100: =COUNT(F100:BI100) -> 0
B101: Management loss | C101: MG13 | D101: الوقوف على الخامة | BJ101: =SUM(F101:BI101) -> 0 | BK101: =COUNT(F101:BI101) -> 0
B102: Quality losses | C102: Q9 | D102: مشكلة فى الخامة | BJ102: =SUM(F102:BI102) -> 0 | BK102: =COUNT(F102:BI102) -> 0
B103: Quality losses | C103: Q10 | D103: وجود فوم فى الخامة | BJ103: =SUM(F103:BI103) -> 0 | BK103: =COUNT(F103:BI103) -> 0
BJ104: =SUM(F104:BI104) -> 0 | BK104: =COUNT(F104:BI104) -> 0
BJ105: =SUM(F105:BI105) -> 0 | BK105: =COUNT(F105:BI105) -> 0
D106: عدد العمال المطلوب | BJ106: =SUM(F106:BI106) -> 0
D107: عدد العمال الفعلى | BJ107: =SUM(F107:BI107) -> 0
D108: shift | F108: 6 | V108: 6 | Z108: 6 | AB108: 6 | AF108: 6 | BJ108: =SUM(F108:BI108) -> 30
D109: الوقت الاضافى | BJ109: =SUM(F109:BI109) -> 0
D110: اجمالى الورديات بالدقيقة | F110: =(F108*60)+F109 -> 360 | G110: =(G108*60)+G109 -> 0 | H110: =(H108*60)+H109 -> 0 | I110: =(I108*60)+I109 -> 0 | J110: =(J108*60)+J109 -> 0 | K110: =(K108*60)+K109 -> 0 | L110: =(L108*60)+L109 -> 0 | M110: =(M108*60)+M109 -> 0 | ... BI110: =(BI108*60)+BI109 -> 0 | BJ110: =SUM(F110:BI110) -> 1800
D111: Available Time | F111: =F110-F112 -> 156 | G111: =G110-G112 -> 0 | H111: =H110-H112 -> 0 | I111: =I110-I112 -> 0 | J111: =J110-J112 -> 0 | K111: =K110-K112 -> 0 | L111: =L110-L112 -> 0 | M111: =M110-M112 -> 0 | ... BI111: =BI110-BI112 -> 0 | BJ111: =SUM(F111:BI111) -> 1051
D112: اجمالى الاعطال المخططة | F112: =SUM(F113:F114) -> 204 | G112: =SUM(G113:G114) -> 0 | H112: =SUM(H113:H114) -> 0 | I112: =SUM(I113:I114) -> 0 | J112: =SUM(J113:J114) -> 0 | K112: =SUM(K113:K114) -> 0 | L112: =SUM(L113:L114) -> 0 | M112: =SUM(M113:M114) -> 0 | ... BI112: =SUM(BI113:BI114) -> 0 | BJ112: =SUM(F112:BI112) -> 749
D113: الاعطال المخططة/بداية التشغيل | F113: =3.4*60 -> 204 | V113: 220 | Z113: 120 | AB113: 145 | AF113: 60 | BJ113: =SUM(F113:BI113) -> 749
D114: انتهاء امر الانتاج | BJ114: =SUM(F114:BI114) -> 0
D115: Production Time | F115: =F110-F112-F27 -> 156 | V115: =V110-V112-V27 -> 140 | Z115: =Z110-Z112-Z27 -> 240 | AB115: =AB110-AB112-AB27 -> 160 | AF115: =AF110-AF112-AF27 -> 250 | BJ115: =BJ110-BJ112-BJ27 -> 946
D116: Effective Time (Min.) | F116: =IFERROR(SUMPRODUCT(F5:F16/$E$5:$E$16),0) -> 142.67742 | V116: =IFERROR(SUMPRODUCT(V5:V16/$E$5:$E$16),0) -> 135 | Z116: =IFERROR(SUMPRODUCT(Z5:Z16/$E$5:$E$16),0) -> 224.6129 | AB116: =IFERROR(SUMPRODUCT(AB5:AB16/$E$5:$E$16),0) -> 136.93548 | AF116: =IFERROR(SUMPRODUCT(AF5:AF16/$E$5:$E$16),0) -> 227.74194 | BJ116: =IFERROR(SUMPRODUCT(BJ5:BJ16/$E$5:$E$16),0) -> 613.90323
D117: Unaccounted Time Loss (Min.) | F117: =F115-F116 -> 13.322581 | V117: =V115-V116 -> 5 | Z117: =Z115-Z116 -> 15.387097 | AB117: =AB115-AB116 -> 23.064516 | AF117: =AF115-AF116 -> 22.258065 | BJ117: =BJ115-BJ116 -> 332.09677
...

Sheet perfume-
F1: =SUM(F5:F26) -> 912 | G1: =SUM(G5:G26) -> 0 | H1: =SUM(H5:H26) -> 0 | I1: =SUM(I5:I26) -> 0 | J1: =SUM(J5:J26) -> 0 | K1: =SUM(K5:K26) -> 0 | L1: =SUM(L5:L26) -> 0 | M1: =SUM(M5:M26) -> 0 | ... BJ1: =SUM(BJ5:BJ26) -> 912
C2: Date | F2: 46082 | H2: 46083 | J2: 46084 | L2: 46085 | N2: 46086 | P2: 46087 | R2: 46088 | T2: 46089 | V2: 46090 | X2: 46091 | Z2: 46092 | AB2: 46093 | AD2: 46094 | AF2: 46095 | AH2: 46096 | AJ2: 46097 | AL2: 46098 | AN2: 46099 | AP2: 46100 | AR2: 46101 | AT2: 46102 | AV2: 46103 | AX2: 46104 | AZ2: 46105 | BB2: 46106 | BD2: 46107 | BF2: 46108 | BH2: 46109
C3: Shift | F3: sh1 | G3: sh2 | H3: sh1 | I3: sh2 | J3: sh1 | K3: sh2 | L3: sh1 | M3: sh2 | N3: sh1 | O3: sh2 | P3: sh1 | Q3: sh2 | R3: sh1 | S3: sh2 | T3: sh1 | U3: sh2 | V3: sh1 | W3: sh2 | X3: sh1 | Y3: sh2 | Z3: sh1 | AA3: sh2 | AB3: sh1 | AC3: sh2 | AD3: sh1 | AE3: sh2 | AF3: sh1 | AG3: sh2 | AH3: sh1 | AI3: sh2 | AJ3: sh1 | AK3: sh2 | AL3: sh1 | AM3: sh2 | AN3: sh1 | AO3: sh2 | AP3: sh1 | AQ3: sh2 | AR3: sh1 | AS3: sh2 | AT3: sh1 | AU3: sh2 | AV3: sh1 | AW3: sh2 | AX3: sh1 | AY3: sh2 | AZ3: sh1 | BA3: sh2 | BB3: sh1 | BC3: sh2 | BD3: sh1 | BE3: sh2 | BF3: sh1 | BG3: sh2 | BH3: sh1 | BI3: sh2
C4: Item code | D4: Item description | E4: Rate | F4: الاحد | H4: الاثنين | J4: الثلاثاء | L4: الاربعاء | N4: الخميس | P4: الجمعة | R4: السبت | T4: الاحد | V4: الاثنين | X4: الثلاثاء | Z4: الاربعاء | AB4: الخميس | AD4: الجمعة | AF4: السبت | AH4: الاحد | AJ4: الاثنين | AL4: الثلاثاء | AN4: الاربعاء | AP4: الخميس | AR4: الجمعة | AT4: السبت | AV4: الاحد | AX4: الاثنين | AZ4: الثلاثاء | BB4: الاربعاء | BD4: الخميس | BF4: الجمعة | BH4: السبت
C5: =VLOOKUP(D5,Products!B:D,2,FALSE) -> 41816002 | D5: كير اند مور تونر للوجه للبشره الدهنيه بالصبار 150مل | E5: 10 | F5: 912 | BJ5: =SUM(F5:BI5) -> 912 | BK5: =COUNT(F5:BI5) -> 1
C6: =VLOOKUP(D6,Products!B:D,2,FALSE) -> #N/A | E6: 1 | BJ6: =SUM(F6:BI6) -> 0 | BK6: =COUNT(F6:BI6) -> 0
C7: =VLOOKUP(D7,Products!B:D,2,FALSE) -> #N/A | E7: 1 | BJ7: =SUM(F7:BI7) -> 0 | BK7: =COUNT(F7:BI7) -> 0
C8: =VLOOKUP(D8,Products!B:D,2,FALSE) -> #N/A | E8: 1 | BJ8: =SUM(F8:BI8) -> 0 | BK8: =COUNT(F8:BI8) -> 0
C9: =VLOOKUP(D9,Products!B:D,2,FALSE) -> #N/A | E9: 1 | BJ9: =SUM(F9:BI9) -> 0 | BK9: =COUNT(F9:BI9) -> 0
C10: =VLOOKUP(D10,Products!B:D,2,FALSE) -> #N/A | E10: 1 | BJ10: =SUM(F10:BI10) -> 0 | BK10: =COUNT(F10:BI10) -> 0
C11: =VLOOKUP(D11,Products!B:D,2,FALSE) -> #N/A | E11: 1 | BJ11: =SUM(F11:BI11) -> 0 | BK11: =COUNT(F11:BI11) -> 0
C12: =VLOOKUP(D12,Products!B:D,2,FALSE) -> #N/A | E12: 1 | BJ12: =SUM(F12:BI12) -> 0 | BK12: =COUNT(F12:BI12) -> 0
C13: =VLOOKUP(D13,Products!B:D,2,FALSE) -> #N/A | E13: 1 | BJ13: =SUM(F13:BI13) -> 0 | BK13: =COUNT(F13:BI13) -> 0
C14: =VLOOKUP(D14,Products!B:D,2,FALSE) -> #N/A | E14: 1 | BJ14: =SUM(F14:BI14) -> 0 | BK14: =COUNT(F14:BI14) -> 0
C15: =VLOOKUP(D15,Products!B:D,2,FALSE) -> #N/A | E15: 1 | BJ15: =SUM(F15:BI15) -> 0 | BK15: =COUNT(F15:BI15) -> 0
C16: =VLOOKUP(D16,Products!B:D,2,FALSE) -> #N/A | E16: 1 | BJ16: =SUM(F16:BI16) -> 0 | BK16: =COUNT(F16:BI16) -> 0
C17: =VLOOKUP(D17,Products!B:D,2,FALSE) -> #N/A | E17: 1 | BJ17: =SUM(F17:BI17) -> 0 | BK17: =COUNT(F17:BI17) -> 0
C18: =VLOOKUP(D18,Products!B:D,2,FALSE) -> #N/A | E18: 1 | BJ18: =SUM(F18:BI18) -> 0 | BK18: =COUNT(F18:BI18) -> 0
C19: =VLOOKUP(D19,Products!B:D,2,FALSE) -> #N/A | D19: `` | E19: 1 | BJ19: =SUM(F19:BI19) -> 0 | BK19: =COUNT(F19:BI19) -> 0
C20: =VLOOKUP(D20,Products!B:D,2,FALSE) -> #N/A | E20: 1 | BJ20: =SUM(F20:BI20) -> 0 | BK20: =COUNT(F20:BI20) -> 0
C21: =VLOOKUP(D21,Products!B:D,2,FALSE) -> #N/A | E21: 1 | BJ21: =SUM(F21:BI21) -> 0 | BK21: =COUNT(F21:BI21) -> 0
C22: =VLOOKUP(D22,Products!B:D,2,FALSE) -> #N/A | E22: 1 | BJ22: =SUM(F22:BI22) -> 0 | BK22: =COUNT(F22:BI22) -> 0
C23: =VLOOKUP(D23,Products!B:D,2,FALSE) -> #N/A | E23: 1 | BJ23: =SUM(F23:BI23) -> 0 | BK23: =COUNT(F23:BI23) -> 0
C24: =VLOOKUP(D24,Products!B:D,2,FALSE) -> #N/A | E24: 1 | BJ24: =SUM(F24:BI24) -> 0 | BK24: =COUNT(F24:BI24) -> 0
C25: =VLOOKUP(D25,Products!B:D,2,FALSE) -> #N/A | E25: 1 | BJ25: =SUM(F25:BI25) -> 0 | BK25: =COUNT(F25:BI25) -> 0
C26: =VLOOKUP(D26,Products!B:D,2,FALSE) -> #N/A | E26: 1 | BJ26: =SUM(F26:BI26) -> 0 | BK26: =COUNT(F26:BI26) -> 0
D27: التوالف | F27: =SUM(F28:F36) -> 0 | G27: =SUM(G28:G36) -> 0 | H27: =SUM(H28:H36) -> 0 | I27: =SUM(I28:I36) -> 0 | J27: =SUM(J28:J36) -> 0 | K27: =SUM(K28:K36) -> 0 | L27: =SUM(L28:L36) -> 0 | M27: =SUM(M28:M36) -> 0 | ... R27: =SUM(R28:R36) -> 0 | AP27: =SUM(AP28:AP36) -> 0 | AQ27: =SUM(AQ28:AQ36) -> 0 | AR27: =SUM(AR28:AR36) -> 0 | AS27: =SUM(AS28:AS36) -> 0 | AT27: =SUM(AT28:AT36) -> 0 | AU27: =SUM(AU28:AU36) -> 0 | AV27: =SUM(AV28:AV36) -> 0 | AW27: =SUM(AW28:AW36) -> 0 | ... BI27: =SUM(BI28:BI36) -> 0 | BJ27: =SUM(F27:BI27) -> 0 | BK27: =COUNT(F27:BI27) -> 33
D28: (مورد) | BJ28: =SUM(F28:BI28) -> 0 | BK28: =COUNT(F28:BI28) -> 0
D29: عبوة | BJ29: =SUM(F29:BI29) -> 0 | BK29: =COUNT(F29:BI29) -> 0
D30: غطاء | BJ30: =SUM(F30:BI30) -> 0 | BK30: =COUNT(F30:BI30) -> 0
BJ31: =SUM(F31:BI31) -> 0 | BK31: =COUNT(F31:BI31) -> 0
D32: (تشغيل) | BJ32: =SUM(F32:BI32) -> 0 | BK32: =COUNT(F32:BI32) -> 0
D33: عبوة | BJ33: =SUM(F33:BI33) -> 0 | BK33: =COUNT(F33:BI33) -> 0
D34: غطاء | BJ34: =SUM(F34:BI34) -> 0 | BK34: =COUNT(F34:BI34) -> 0
D35: بامب | BJ35: =SUM(F35:BI35) -> 0 | BK35: =COUNT(F35:BI35) -> 0
BJ36: =SUM(F36:BI36) -> 0 | BK36: =COUNT(F36:BI36) -> 0
D37: Unplanned downtime | F37: =SUM(F38:F115) -> 0 | G37: =SUM(G38:G115) -> 0 | H37: =SUM(H38:H115) -> 0 | I37: =SUM(I38:I115) -> 0 | J37: =SUM(J38:J115) -> 0 | K37: =SUM(K38:K115) -> 0 | L37: =SUM(L38:L115) -> 0 | M37: =SUM(M38:M115) -> 0 | ... R37: =SUM(R38:R115) -> 0 | AP37: =SUM(AP38:AP115) -> 0 | AQ37: =SUM(AQ38:AQ115) -> 0 | AR37: =SUM(AR38:AR115) -> 0 | AS37: =SUM(AS38:AS115) -> 0 | AT37: =SUM(AT38:AT115) -> 0 | AU37: =SUM(AU38:AU115) -> 0 | AV37: =SUM(AV38:AV115) -> 0 | AW37: =SUM(AW38:AW115) -> 0 | ... BI37: =SUM(BI38:BI115) -> 0 | BJ37: =SUM(F37:BI37) -> 0 | BK37: =COUNT(F37:BI37) -> 33
C38: =SUM(BJ39:BJ58) -> 0 | D38: اعطال الصيانة | BJ38: =SUM(F38:BI38) -> 0 | BK38: =COUNT(F38:BI38) -> 0
B39: Machine failure | C39: MF1 | D39: مشكلة فى النزل | BJ39: =SUM(F39:BI39) -> 0 | BK39: =COUNT(F39:BI39) -> 0
B40: Set up& adjustment | C40: ADJ1 | D40: ضبط الميزان | BJ40: =SUM(F40:BI40) -> 0 | BK40: =COUNT(F40:BI40) -> 0
B41: Machine failure | C41: MF2 | D41: مشكلة فى الميزان | BJ41: =SUM(F41:BI41) -> 0 | BK41: =COUNT(F41:BI41) -> 0
B42: Machine failure | C42: MF3 | D42: مشكلة فى المكبس | BJ42: =SUM(F42:BI42) -> 0 | BK42: =COUNT(F42:BI42) -> 0
B43: Machine failure | C43: MF4 | D43: تسريب الخامة من العبوات | BJ43: =SUM(F43:BI43) -> 0 | BK43: =COUNT(F43:BI43) -> 0
B44: Machine failure | C44: MF5 | D44: مشكة فى ضغط العبوات (اللحام) | BJ44: =SUM(F44:BI44) -> 0 | BK44: =COUNT(F44:BI44) -> 0
B45: Machine failure | C45: MF6 | D45: مشكلة فى السخانات | BJ45: =SUM(F45:BI45) -> 0 | BK45: =COUNT(F45:BI45) -> 0
B46: Machine failure | C46: MF7 | D46: ضبط الكاميرا | BJ46: =SUM(F46:BI46) -> 0 | BK46: =COUNT(F46:BI46) -> 0
B47: Quality losses | C47: Q1 | D47: ضبط الكاميرا | BJ47: =SUM(F47:BI47) -> 0 | BK47: =COUNT(F47:BI47) -> 0
B48: utility loss | C48: UT1 | D48: مشكله في ضغط الهواء (فى الكومبرسور) | BJ48: =SUM(F48:BI48) -> 0 | BK48: =COUNT(F48:BI48) -> 0
B49: Machine failure | C49: MF8 | D49: مشكله في خرطوم الهواء | BJ49: =SUM(F49:BI49) -> 0 | BK49: =COUNT(F49:BI49) -> 0
B50: Machine failure | C50: MF9 | D50: ضبط اعدادات الماكينة | BJ50: =SUM(F50:BI50) -> 0 | BK50: =COUNT(F50:BI50) -> 0
... B65: utility loss | C65: UT3 | D65: مشكلة فى الشيلر | BJ65: =SUM(F65:BI65) -> 0 | BK65: =COUNT(F65:BI65) -> 0
BJ66: =SUM(F66:BI66) -> 0 | BK66: =COUNT(F66:BI66) -> 0
C67: =SUM(BJ69:BJ93) -> 0 | D67: اعطال الانتاج | BJ67: =SUM(F67:BI67) -> 0 | BK67: =COUNT(F67:BI67) -> 0
B68: Set up& adjustment | C68: ADJ9 | D68: ضبط الكاميرا | BJ68: =SUM(F68:BI68) -> 0 | BK68: =COUNT(F68:BI68) -> 0
B69: Management loss | C69: MG1 | D69: اعطال النقل من مكان لاخر | BJ69: =SUM(F69:BI69) -> 0 | BK69: =COUNT(F69:BI69) -> 0
B70: Management loss | C70: MG2 | D70: عمال غير مدربة | BJ70: =SUM(F70:BI70) -> 0 | BK70: =COUNT(F70:BI70) -> 0
B71: Management loss | C71: MG3 | D71: تنظيف الماكينة | BJ71: =SUM(F71:BI71) -> 0 | BK71: =COUNT(F71:BI71) -> 0
B72: Management loss | C72: MG4 | D72: تنظيف بستم الفويل | BJ72: =SUM(F72:BI72) -> 0 | BK72: =COUNT(F72:BI72) -> 0
B73: Management loss | C73: MG5 | D73: تنظيف سير نقل المنتج | BJ73: =SUM(F73:BI73) -> 0 | BK73: =COUNT(F73:BI73) -> 0
B74: Management loss | C74: MG6 | D74: الوقوف على العبوات المجهزة | BJ74: =SUM(F74:BI74) -> 0 | BK74: =COUNT(F74:BI74) -> 0
B75: Management loss | C75: MG7 | D75: تأخير صرف المستلزمات | BJ75: =SUM(F75:BI75) -> 0 | BK75: =COUNT(F75:BI75) -> 0
B76: Management loss | C76: MG8 | D76: عدم وجود عمالة كافية | BJ76: =SUM(F76:BI76) -> 0 | BK76: =COUNT(F76:BI76) -> 0
B77: Set up& adjustment | C77: ADJ10 | D77: تغيير التانك | BJ77: =SUM(F77:BI77) -> 0 | BK77: =COUNT(F77:BI77) -> 0
B78: minor losses | C78: MIN1 | D78: تعبئة | BJ78: =SUM(F78:BI78) -> 0 | BK78: =COUNT(F78:BI78) -> 0
B79: Management loss | C79: MG9 | D79: اعطال خط التغليف | BJ79: =SUM(F79:BI79) -> 0 | BK79: =COUNT(F79:BI79) -> 0
... B90: Start up loss | C90: SU3 | D90: بداية التشغيل | BJ90: =SUM(F90:BI90) -> 0 | BK90: =COUNT(F90:BI90) -> 0
B91: Start up loss | C91: SU4 | D91: Changover | BJ91: =SUM(F91:BI91) -> 0
B92: minor losses | C92: MIN2 | D92: التشغيل بسرعة اقل | BJ92: =SUM(F92:BI92) -> 0 | BK92: =COUNT(F92:BI92) -> 0
BJ93: =SUM(F93:BI93) -> 0 | BK93: =COUNT(F93:BI93) -> 0
C94: =SUM(BJ95:BJ97) -> 0 | D94: أعطال التخطيط | BJ94: =SUM(F94:BI94) -> 0 | BK94: =COUNT(F94:BI94) -> 0
B95: Management loss | C95: MG10 | D95: الوقوف على المستلزمات (تخطيط) | BJ95: =SUM(F95:BI95) -> 0 | BK95: =COUNT(F95:BI95) -> 0
BJ96: =SUM(F96:BI96) -> 0 | BK96: =COUNT(F96:BI96) -> 0
BJ97: =SUM(F97:BI97) -> 0 | BK97: =COUNT(F97:BI97) -> 0
C98: =SUM(BJ99:BJ101) -> 0 | D98: أعطال المخزن | BJ98: =SUM(F98:BI98) -> 0 | BK98: =COUNT(F98:BI98) -> 0
B99: Management loss | C99: MG11 | D99: الوقوف على المستلزمات (مخزن) | BJ99: =SUM(F99:BI99) -> 0 | BK99: =COUNT(F99:BI99) -> 0
BJ100: =SUM(F100:BI100) -> 0 | BK100: =COUNT(F100:BI100) -> 0
BJ101: =SUM(F101:BI101) -> 0 | BK101: =COUNT(F101:BI101) -> 0
C102: =SUM(BJ103:BJ109) -> 0 | D102: أعطال الجودة | BJ102: =SUM(F102:BI102) -> 0 | BK102: =COUNT(F102:BI102) -> 0
B103: Quality losses | C103: Q4 | D103: مشكلة فى العبوات | BJ103: =SUM(F103:BI103) -> 0 | BK103: =COUNT(F103:BI103) -> 0
B104: Quality losses | C104: Q5 | D104: مشكلة فى الخامة | BJ104: =SUM(F104:BI104) -> 0 | BK104: =COUNT(F104:BI104) -> 0
B105: Quality losses | C105: Q6 | D105: مشكلة فى السليف | BJ105: =SUM(F105:BI105) -> 0 | BK105: =COUNT(F105:BI105) -> 0
B106: Quality losses | C106: Q7 | D106: مشكلة فى الاستيكر | BJ106: =SUM(F106:BI106) -> 0 | BK106: =COUNT(F106:BI106) -> 0
B107: Quality losses | C107: Q8 | D107: تأخير محضر فحص | BJ107: =SUM(F107:BI107) -> 0 | BK107: =COUNT(F107:BI107) -> 0
B108: Management loss | C108: MG12 | D108: تأخير محضر فحص | BJ108: =SUM(F108:BI108) -> 0 | BK108: =COUNT(F108:BI108) -> 0
BJ109: =SUM(F109:BI109) -> 0 | BK109: =COUNT(F109:BI109) -> 0
C110: =SUM(BJ111:BJ115) -> 0 | D110: أعطال التصنيع | BJ110: =SUM(F110:BI110) -> 0 | BK110: =COUNT(F110:BI110) -> 0
B111: Management loss | C111: MG13 | D111: الوقوف على الخامة | BJ111: =SUM(F111:BI111) -> 0 | BK111: =COUNT(F111:BI111) -> 0
B112: Quality losses | C112: Q9 | D112: مشكلة فى الخامة | BJ112: =SUM(F112:BI112) -> 0 | BK112: =COUNT(F112:BI112) -> 0
B113: Quality losses | C113: Q10 | D113: وجود فوم فى الخامة | BJ113: =SUM(F113:BI113) -> 0 | BK113: =COUNT(F113:BI113) -> 0
BJ114: =SUM(F114:BI114) -> 0 | BK114: =COUNT(F114:BI114) -> 0
BJ115: =SUM(F115:BI115) -> 0 | BK115: =COUNT(F115:BI115) -> 0
D116: عدد العمال المطلوب | BJ116: =SUM(F116:BI116) -> 0
D117: عدد العمال الفعلى | BJ117: =SUM(F117:BI117) -> 0
D118: shift | F118: 6 | BJ118: =SUM(F118:BI118) -> 6
D119: الوقت الاضافى | BJ119: =SUM(F119:BI119) -> 0
D120: اجمالى الورديات بالدقيقة | F120: =(F118*60)+F119 -> 360 | G120: =(G118*60)+G119 -> 0 | H120: =(H118*60)+H119 -> 0 | I120: =(I118*60)+I119 -> 0 | J120: =(J118*60)+J119 -> 0 | K120: =(K118*60)+K119 -> 0 | L120: =(L118*60)+L119 -> 0 | M120: =(M118*60)+M119 -> 0 | ... BI120: =(BI118*60)+BI119 -> 0 | BJ120: =SUM(F120:BI120) -> 360
D121: Available Time | F121: =F120-F122 -> 108 | G121: =G120-G122 -> 0 | H121: =H120-H122 -> 0 | I121: =I120-I122 -> 0 | J121: =J120-J122 -> 0 | K121: =K120-K122 -> 0 | L121: =L120-L122 -> 0 | M121: =M120-M122 -> 0 | ... BI121: =BI120-BI122 -> 0 | BJ121: =SUM(F121:BI121) -> 108
D122: اجمالى الاعطال المخططة | F122: =SUM(F123:F124) -> 252 | G122: =SUM(G123:G124) -> 0 | H122: =SUM(H123:H124) -> 0 | I122: =SUM(I123:I124) -> 0 | J122: =SUM(J123:J124) -> 0 | K122: =SUM(K123:K124) -> 0 | L122: =SUM(L123:L124) -> 0 | M122: =SUM(M123:M124) -> 0 | ... BI122: =SUM(BI123:BI124) -> 0 | BJ122: =SUM(F122:BI122) -> 252
D123: الاعطال المخططة/بداية التشغيل | F123: =4.2*60 -> 252 | BJ123: =SUM(F123:BI123) -> 252
D124: انتهاء امر الانتاج | BJ124: =SUM(F124:BI124) -> 0
...

Sheet DashBoard
E6: OEE Dashboard
E7: s | F7: Machine name | G7: availability | H7: Performance | I7: Quality | J7: OEE | K7: Target | L7: Gap
E8: 1 | F8: Nordon | G8: =NORDON!BJ120 -> 0.81393975 | H8: =NORDON!BJ121 -> 0.87911829 | I8: =NORDON!BJ122 -> 0.99732626 | J8: =G8*H8*I8 -> 0.71363613 | K8: 0.8 | L8: =K8-J8 -> 0.086363872
E9: 2 | F9: Kalix | G9: =KALEKS!BJ116 -> 0.92779414 | H9: =KALEKS!BJ117 -> 0.92557934 | I9: =KALEKS!BJ118 -> 0.99653144 | J9: =G9*H9*I9 -> 0.85576847 | K9: 0.8 | L9: =K9-J9 -> -0.055768469
E10: 3 | F10: Cream 1 | G10: =Cream1!BJ132 -> 0.94925575 | H10: =Cream1!BJ133 -> 0.88150932 | I10: =Cream1!BJ134 -> 0.98964597 | J10: =G10*H10*I10 -> 0.82811377 | K10: 0.8 | L10: =K10-J10 -> -0.028113773
E11: 4 | F11: 4 Nozzole | G11: ='4 NOZZOLE'!BJ121 -> 0.76273292 | H11: ='4 NOZZOLE'!BJ122 -> 0.93925081 | I11: ='4 NOZZOLE'!BJ123 -> 0.99191606 | J11: =G11*H11*I11 -> 0.7106062 | K11: 0.8 | L11: =K11-J11 -> 0.089393796
E12: 5 | F12: Cream 2 | G12: ='OEE F1 march-2026'!BJ134 -> 0.99003215 | H12: ='OEE F1 march-2026'!BJ135 -> 0.90962237 | I12: ='OEE F1 march-2026'!BJ136 -> 0.98897324 | J12: =G12*H12*I12 -> 0.89062519 | K12: 0.8 | L12: =K12-J12 -> -0.090625188
E13: 6 | F13: 6 Nozzole (New) | G13: ='6 Nozzole '!BJ121 -> 0.85982562 | H13: ='6 Nozzole '!BJ122 -> 0.59976599 | I13: ='6 Nozzole '!BJ123 -> 1 | J13: =G13*H13*I13 -> 0.51569416 | K13: 0.8 | L13: =K13-J13 -> 0.28430584
E14: 7 | F14: Roll-on | G14: ='ROLL ON'!BJ119 -> 0.90009515 | H14: ='ROLL ON'!BJ120 -> 0.64894633 | I14: ='ROLL ON'!BJ121 -> 1 | J14: =G14*H14*I14 -> 0.58411344 | K14: 0.8 | L14: =K14-J14 -> 0.21588656
E15: 8 | F15: TECHNO | G15: =Techno!BJ127 -> 0.60119048 | H15: =Techno!BJ128 -> 0.96059406 | I15: =Techno!BJ129 -> 0.89402875 | J15: =G15*H15*I15 -> 0.5163016 | K15: 0.8 | L15: =K15-J15 -> 0.2836984
E16: 9 | F16: PERFUME | G16: ='perfume-'!BJ129 -> 1 | H16: ='perfume-'!BJ130 -> 0.84444444 | I16: ='perfume-'!BJ131 -> 1 | J16: =G16*H16*I16 -> 0.84444444 | K16: 0.8 | L16: =K16-J16 -> -0.044444444
E17: Average | J17: =AVERAGE(J8:J16) -> 0.71770038 | K17: 0.8 | L17: =K17-J17 -> 0.08229962

Sheet Week-1
A1: Item Code | B1: Brand | C1: Family | D1: Item Description | E1: Size | F1: Line | G1: Priority | H1: Total Production plan | I1: Total Bulk ( KG ) | K1: W-1 | Q1: HC | S1: Remarks
J2: Saturday | K2: Sunday | L2: Monday | M2: Tuesday | N2: Wednesday | O2: Thursday | P2: =WEEKDAY(P3) -> 5
J3: 45836 | K3: 45844 | L3: 45845 | M3: 45846 | N3: 45847 | O3: 45848 | P3: 45771 | Q3: Sh-1 | R3: Sh-2
J4: Filling | K4: Filling | L4: Filling | M4: Filling | N4: Filling | O4: Filling | P4: Filling
A5: 41880003 | B5: Care & More | C5: Cream | D5: كير اند مور سوفت كريم جلسرين وفراولة 75مل | E5: 70 | F5: Cream-1 | G5: High | H5: 85000 | I5: =H5*E5/1000 -> 5950 | K5: 25000 | L5: 25000 | M5: 25000 | N5: 10000 | Q5: 12 | R5: 12
A6: 41880004 | B6: Care & More | C6: Cream | D6: كير اند مور سوفت كريم جلسرين و جوز هند 75مل | E6: 70 | G6: Mid | H6: 21000 | I6: =H6*E6/1000 -> 1470 | N6: 12000 | O6: 9000
A7: 41870004 | B7: Care & More | C7: Cream | D7: كير اند مور كريم جلسرين بشرة جافة 75مل | E7: 70 | G7: High | H7: 8000 | I7: =H7*E7/1000 -> 560 | O7: 8000
A8: 41880016 | B8: Care & More | C8: Cream | D8: كير اند مور سوفت كريم جلسرين بشره جافه 125مل | E8: 120 | F8: Rotary | G8: High | H8: 8000 | I8: =H8*E8/1000 -> 960 | K8: 8000 | Q8: 13
A9: 40300001 | B9: Glysolid | C9: Cream | D9: GLYSOLID Cream - Alum-Tin 20gm | E9: 20 | G9: High | H9: 36000 | I9: =H9*E9/1000 -> 720 | L9: 18000 | M9: 18000
A10: 40310002 | B10: Glysolid | C10: Soft | D10: GLYSOLID Soft - 100 ml * | E10: 85 | F10: Cream-2 | G10: High | H10: 11800 | I10: =H10*E10/1000 -> 1003 | L10: 10000 | M10: 1800 | Q10: 14 | R10: 14
A11: 40310003 | B11: Glysolid | C11: Soft | D11: GLYSOLID Soft - 200 ml * | E11: 175 | G11: High | H11: 3000 | I11: =H11*E11/1000 -> 525 | M11: 3000
A12: 40310015 | B12: Glysolid | C12: Soft | D12: GLYSOLID Soft - 50 ml * | E12: 45 | G12: High | H12: 10000 | I12: =H12*E12/1000 -> 450 | M12: 3000 | N12: 7000 | S12: يتم التصنيع عند توريد الغطا
A13: 40330013 | B13: Glysolid | C13: Lotion | D13: GLYSOLID Lotion- Musk 500ml | E13: 500 | F13: 4- Nozzle | G13: High | H13: 3500 | I13: =H13*E13/1000 -> 1750 | K13: 2000 | L13: 1500
A14: 40330003 | B14: Glysolid | C14: Lotion | D14: GLYSOLID Lotion- Musk 200ml | E14: 185 | G14: High | H14: 1200 | I14: =H14*E14/1000 -> 222 | L14: 1200
A15: 40330012 | B15: Glysolid | C15: Lotion | D15: GLYSOLID Lotion- Senstive 500ml | E15: 500 | G15: Mid | H15: 5000 | I15: =H15*E15/1000 -> 2500 | L15: 5000
A16: 40330002 | B16: Glysolid | C16: Lotion | D16: GLYSOLID Lotion- Senstive 200ml | E16: 185 | G16: High | H16: 2300 | I16: =H16*E16/1000 -> 425.5 | M16: 2300
A17: 40330011 | B17: Glysolid | C17: Lotion | D17: GLYSOLID Lotion- Classic 500ml | E17: 500 | G17: Mid | H17: 2000 | I17: =H17*E17/1000 -> 1000 | M17: 2000
A18: 40330001 | B18: Glysolid | C18: Lotion | D18: GLYSOLID Lotion- Classic 200ml | E18: 185 | G18: Mid | H18: 6000 | I18: =H18*E18/1000 -> 1110 | M18: 4000 | N18: 2000
A19: 41880017 | B19: Care & More | C19: Cream | D19: كير اند مور سوفت كريم جلسرين بشره جافه 250مل | E19: 220 | G19: High | H19: 1500 | I19: =H19*E19/1000 -> 330 | N19: 1500 | S19: يتم التعبئه عند توريد العبوات
A20: 43040001 | B20: Trio Pro | C20: Hair Mask | D20: تريو برو هير ماسك للشعر كريم مرطب عميق للشعر بزيت الثوم500مل | E20: 500 | G20: High | H20: 4000 | I20: =H20*E20/1000 -> 2000 | N20: 4000
A21: 40320002 | B21: Glysolid | C21: Shower | D21: GLYSOLID Musk- 300 ml | E21: 270 | G21: High | H21: 4000 | I21: =H21*E21/1000 -> 1080 | O21: 4000
A22: 40320004 | B22: Glysolid | C22: Shower | D22: GLYSOLID Honey and Milk- 300 ml | E22: 270 | G22: High | H22: 4000 | I22: =H22*E22/1000 -> 1080 | O22: 4000
A23: 41890013 | B23: Care & More | C23: Shower | D23: كير اند مور شاور جيل ميسلار بطيخ وصبار 500 مل جديد | E23: 515 | F23: 6-Nozzle | G23: High | H23: 2000 | I23: =H23*E23/1000 -> 1030 | K23: 2000 | Q23: 20
A24: 41920002 | B24: Care Plus | C24: Shampoo | D24: كير بلاس شامبو كيراتين و بروتين 1 لتر | E24: 1000 | G24: High | H24: 1000 | I24: =H24*E24/1000 -> 1000 | L24: 1000
A25: 41920001 | B25: Care Plus | C25: Shampoo | D25: كير بلس شامبو صبار وجوز هند 1 لتر | E25: 1000 | G25: High | H25: 1000 | I25: =H25*E25/1000 -> 1000 | L25: 1000
A26: 41920003 | B26: Care Plus | C26: Shampoo | D26: كير بلاس شامبو رمان و بروتين 1 لتر | E26: 1000 | G26: High | H26: 1000 | I26: =H26*E26/1000 -> 1000 | L26: 1000
A27: 43010002 | B27: Trio Pro | C27: Shower | D27: تريو برو شاور چيل برائحة العود الملكى 800مل | E27: 800 | G27: High | H27: 2500 | I27: =H27*E27/1000 -> 2000 | L27: 2500 | S27: يتم التعبئه عند توريد البامب
A28: 430000002 | B28: Trio Pro | C28: Hand Soap | D28: تريو برو هاند سوب برائحة العود الملكى 500مل | E28: 500 | G28: High | H28: 2000 | I28: =H28*E28/1000 -> 1000 | M28: 2000
A29: 43010003 | B29: Trio Pro | C29: Shower | D29: تريو برو شاور چيل برائحة الكيوى 800مل | E29: 800 | G29: High | H29: 2500 | I29: =H29*E29/1000 -> 2000 | M29: 2500 | S29: يتم التعبئه عند توريد البامب
A30: 430000003 | B30: Trio Pro | C30: Hand Soap | D30: تريو برو هاند سوب باليمون الاخضر 500 مل | E30: 500 | G30: High | H30: 2000 | I30: =H30*E30/1000 -> 1000 | M30: 2000
A31: 43010001 | B31: Trio Pro | C31: Shower | D31: تريو برو شاور چيل برائحة الزهور البيضاء 800مل | E31: 800 | G31: High | H31: 2500 | I31: =H31*E31/1000 -> 2000 | N31: 2500 | S31: يتم التعبئه عند توريد البامب
A32: 41890014 | B32: Care & More | C32: Shower | D32: كير اند مور شاور جيل ميسلار لافندر 500 مل جديد | E32: 515 | G32: Mid | H32: 3800 | I32: =H32*E32/1000 -> 1957 | N32: 3800
A33: 41891001 | B33: Care & More | C33: hand soap | D33: كير اند مور هاند سوب ميسلار انتعاش التوت 520 مل جديد | E33: 530 | G33: Mid | H33: 5500 | I33: =H33*E33/1000 -> 2915 | O33: 5500
A34: 42000006 | B34: Trio | C34: Roll On | D34: Trio Roll- on Pure | E34: 45 | F34: Roll On | G34: High | H34: 10000 | I34: =H34*E34/1000 -> 450 | K34: 8000 | L34: 2000 | Q34: 22
A35: 43060005 | B35: Trio Pro | C35: Roll On | D35: تريو برو رول اون رجالي فريش 75 مل | E35: 75 | G35: High | H35: 6000 | I35: =H35*E35/1000 -> 450 | L35: 6000
A36: 43060006 | B36: Trio Pro | C36: Roll On | D36: تريو برو رول اون رجالي كوول 75 مل | E36: 75 | G36: High | H36: 6000 | I36: =H36*E36/1000 -> 450 | M36: 6000
A37: 40620002 | B37: Vebix | C37: Roll On | D37: فيبكس رول اون فيرنس حريمى 50مل 72ساعة | E37: 50 | G37: High | H37: 10000 | I37: =H37*E37/1000 -> 500 | M37: 2000 | N37: 6000 | O37: 2000
A38: 40620001 | B38: Vebix | C38: Roll On | D38: فيبكس رول اون ابيض و اسود حريمى 50مل 72ساعة | E38: 50 | G38: High | H38: 7000 | I38: =H38*E38/1000 -> 350 | O38: 7000
A39: 41815003 | B39: Care & More | C39: Hand Cream | D39: كير اند مور كريم لليدين سول بيوتي 50مل | E39: 50 | F39: EL-Kady | G39: High | H39: 10000 | I39: =H39*E39/1000 -> 500 | K39: 10000 | Q39: 10
A40: 41815001 | B40: Care & More | C40: Hand Cream | D40: كير اند مور كريم لليدين دارك كيس 50مل | E40: 50 | G40: High | H40: 9500 | I40: =H40*E40/1000 -> 475 | L40: 9500
A41: 41815004 | B41: Care & More | C41: Hand Cream | D41: كير اند مور كريم لليدين فيري تال 50مل | E41: 50 | G41: High | H41: 3000 | I41: =H41*E41/1000 -> 150 | M41: 3000
A42: 40530002 | B42: Shave Code | C42: Shaving Cream | D42: شيف كود كريم حلاقة عادي 90 مل شكل جديد 23 | E42: 90 | G42: High | H42: 4500 | I42: =H42*E42/1000 -> 405 | M42: 3000 | N42: 1500
A43: 40530003 | B43: Shave Code | C43: Shaving Cream | D43: شيف كود كريم حلاقة حساس 90 مل شكل جديد 23 | E43: 90 | G43: High | H43: 4500 | I43: =H43*E43/1000 -> 405 | N43: 4500
A44: 40530007 | B44: Shave Code | C44: Shaving Cream | D44: شيف كود كريم حلاقه بالفحم 40 مل | E44: 40 | G44: High | H44: 5000 | I44: =H44*E44/1000 -> 200 | O44: 5000
A45: 41500025 | B45: Man-Zone | C45: Invisible Fiber Gel | D45: مان زون فايبر جل الشفاف – ماكس هولد - 175 مل | E45: 175 | F45: Nordon | G45: Mid | H45: 8000 | I45: =H45*E45/1000 -> 1400 | K45: 8000 | Q45: 10
A46: 41500026 | B46: Man-Zone | C46: Invisible Fiber Gel | D46: مان زون فايبر جل الشفاف – سترونج هولد - 175 مل | E46: 175 | G46: Mid | H46: 8000 | I46: =H46*E46/1000 -> 1400 | K46: 8000
A47: 41813002 | B47: Care & More | C47: Lotion | D47: كير اند مور بودي لوشن برائحة الفراولة 150مل | E47: 150 | G47: High | H47: 9000 | I47: =H47*E47/1000 -> 1350 | L47: 9000
A48: 41817001 | B48: Care & More | C48: Foot | D48: كير اند مور كريم للقدمين 100مل | E48: 100 | G48: High | H48: 10000 | I48: =H48*E48/1000 -> 1000 | M48: 10000
A49: 41817002 | B49: Care & More | C49: Foot | D49: كير اند مور سكرب للقدمين 100مل | E49: 100 | G49: High | H49: 10000 | I49: =H49*E49/1000 -> 1000 | N49: 10000
A50: 41814001 | B50: Care & More | C50: Facial wash | D50: كير اند مور غسول الوجه للبشره الجافة والعادية 150مل | E50: 150 | G50: High | H50: 8000 | I50: =H50*E50/1000 -> 1200 | O50: 8000
A51: 40740007 | B51: Vebix | C51: Cream | D51: Vebix Classic T.25gm | E51: 23 | F51: Vebix | G51: High | H51: 48000 | I51: =H51*E51/1000 -> 1104 | K51: 28000 | L51: 20000 | Q51: 14 | R51: 14
A52: 40700038 | B52: Vebix | C52: Cream | D52: Vebix Classic T.25gm Export | E52: 25 | G52: High | H52: 1296 | I52: =H52*E52/1000 -> 32.4 | L52: 1296 | S52: طلبية عمان
A53: 40740008 | B53: Vebix | C53: Cream | D53: Vebix Blue active T.25gm | E53: 23 | G53: High | H53: 7000 | I53: =H53*E53/1000 -> 161 | L53: 4000 | M53: 3000
A54: 40700039 | B54: Vebix | C54: Cream | D54: Vebix Blue active T.25gm Export | E54: 25 | G54: High | H54: 1296 | I54: =H54*E54/1000 -> 32.4 | M54: 1296 | S54: طلبية عمان
A55: 40700027 | B55: Vebix | C55: Cream | D55: Vebix Oud T.25gm Export | E55: 25 | G55: High | H55: 1296 | I55: =H55*E55/1000 -> 32.4 | M55: 1296 | S55: طلبية عمان
A56: 40700037 | B56: Vebix | C56: Cream | D56: Vebix Musk T.25gm Export | E56: 25 | G56: High | H56: 1296 | I56: =H56*E56/1000 -> 32.4 | M56: 1296 | S56: طلبية عمان
A57: 40740004 | B57: Vebix | C57: Cream | D57: Vebix Classic T.15gm | E57: 13 | G57: High | H57: 14000 | I57: =H57*E57/1000 -> 182 | M57: 14000
A58: 40740006 | B58: Vebix | C58: Cream | D58: فيبكس حريمي 15 مل الشكل الجديد | E58: 13 | G58: High | H58: 12000 | I58: =H58*E58/1000 -> 156 | N58: 12000
A59: 40740005 | B59: Vebix | C59: Cream | D59: فيبكس رجالي 15 مل الشكل الجديد | E59: 13 | G59: High | H59: 40000 | I59: =H59*E59/1000 -> 520 | N59: 12000 | O59: 28000
A60: 40310017 | B60: Glysolid | C60: Soft | D60: GLYSOLID Soft - 20 ml * | E60: 20 | F60: 1 Nozzle Cream | G60: High | H60: 3000 | I60: =H60*E60/1000 -> 60 | M60: 3000 | Q60: 9 | S60: لا يتم التصنيع إلا عند توريد القاعده
A61: 41816001 | B61: Care & More | C61: Facial Toner | D61: كير اند مور تونر للوجه للبشره الجافة والعادية بماء الورد 150مل | E61: 150 | F61: 1 Nozzle Liq. | G61: High | H61: 3000 | I61: =H61*E61/1000 -> 450 | M61: 3000 | Q61: 6
A62: 43200019 | B62: Bubblzz | C62: Lip Scrub | D62: بابلز مقشر شفاة خوخ 3.5 جرام | E62: 3.5 | F62: Lip Balm | G62: High | H62: 4000 | I62: =H62*E62/1000 -> 14 | K62: 4000 | Q62: 22
A63: 43200021 | B63: Bubblzz | C63: Lip Scrub | D63: بابلز مقشر شفاة جوز الهند 3.5 جرام | E63: 3.5 | G63: High | H63: 10000 | I63: =H63*E63/1000 -> 35 | L63: 5000 | M63: 5000
A64: 40770002 | B64: Vebix | C64: Deo Cream | D64: فيبكس ديو كريم 72ساعه - ابيض و اسود (رجالى) 30 مل | E64: 30 | F64: Old Kalex | G64: High | H64: 13000 | I64: =H64*E64/1000 -> 390 | K64: 6000 | L64: 6000 | M64: 1000 | Q64: 19
A65: 40770003 | B65: Vebix | C65: Deo Cream | D65: فيبكس ديو كريم 72ساعه - ابيض و اسود فيرنس 30 مل | E65: 30 | G65: High | H65: 7000 | I65: =H65*E65/1000 -> 210 | M65: 4000 | N65: 3000
A66: 40770004 | B66: Vebix | C66: Deo Cream | D66: فيبكس ديو كريم 7 أيام -فريش ويف 30 مل | E66: 30 | G66: High | H66: 7000 | I66: =H66*E66/1000 -> 210 | N66: 2000 | O66: 5000
A67: 41818001 | B67: Care & More | C67: Deo Stick | D67: كير اند مور ديو ستيك فلورال تاتش 50 مل | E67: 50 | F67: Wax | G67: High | H67: 10000 | I67: =H67*E67/1000 -> 500 | M67: 10000 | Q67: 19
A68: 41818002 | B68: Care & More | C68: Deo Stick | D68: كير اند مور ديو ستيك فريش ليللي 50 مل | E68: 50 | G68: High | H68: 10000 | I68: =H68*E68/1000 -> 500 | N68: 10000
A69: 41818003 | B69: Care & More | C69: Deo Stick | D69: كير اند مور ديو ستيك كول ايسنشيال 50 مل | E69: 50 | G69: High | H69: 10000 | I69: =H69*E69/1000 -> 500 | O69: 10000
A70: 41500021 | B70: Man Zone | C70: Fiber Gel | D70: مان زون فايبر مط بيست 100مل | E70: 100 | F70: Wax - 2 | G70: High | H70: 8500 | I70: =H70*E70/1000 -> 850 | K70: 2000 | Q70: 19
A71: 41500022 | B71: Man Zone | C71: Fiber Gel | D71: مان زون فايبر مولدينج بيست 100مل | E71: 100 | G71: High | H71: 10000 | I71: =H71*E71/1000 -> 1000 | K71: 6000 | L71: 4000
A72: 41500027 | B72: Man Zone | C72: Fiber Gel | D72: مان زون فايبر كلاسيك بوميد 100 مل | E72: 100 | G72: High | H72: 10000 | I72: =H72*E72/1000 -> 1000 | L72: 4000 | M72: 6000
A73: 41500028 | B73: Man Zone | C73: Fiber Gel | D73: مان زون فايبر كنترول بوميد 100 مل | E73: 100 | G73: High | H73: 10000 | I73: =H73*E73/1000 -> 1000 | M73: 2000 | N73: 8000 | O73: 8000
A74: 43200014 | B74: Bubblzz | C74: Body Scrub | D74: بابلز بدي سكراب جوز هند 250مل | E74: 250 | F74: Scrub | G74: High | H74: =875/0.25 -> 3500 | I74: =H74*E74/1000 -> 875 | L74: 3500 | Q74: 9
A75: 43200017 | B75: Bubblzz | C75: Body Scrub | D75: بابلز بدي سكراب فانيليا 250مل | E75: 250 | G75: High | H75: 7500 | I75: =H75*E75/1000 -> 1875 | M75: 3500 | N75: 4000
A76: 40700003 | B76: Vebix | C76: Cream | D76: Vebix Classic Sachet S.4gm | E76: 4 | F76: Sachet | G76: High | H76: 80000 | I76: =H76*E76/1000 -> 320 | L76: 20000 | M76: 20000 | N76: 20000 | O76: 20000 | Q76: 2
H77: =SUM(H5:H76) -> 703284 | I77: =SUM(I5:I76) -> 63764.1 | K77: =SUM(K5:K76) -> 117000 | L77: =SUM(L5:L76) -> 160496 | M77: =SUM(M5:M76) -> 167988 | N77: =SUM(N5:N76) -> 135800 | O77: =SUM(O5:O76) -> 123500 | P77: =SUM(P15:P73) -> 0 | Q77: =SUM(Q5:Q76) -> 220 | R77: =SUM(R5:R76) -> 40
F78: 12 InkJet | M78: متوسط الحضور الفعلى | Q78: 135
M79: المطلوب من العماله الخارجيه | Q79: =(Q77+R77)-Q78 -> 125

Sheet Products
B3: Discription | C3: Code | D3: Brand | E3: Family | H3: Vol
B4: بابلز مقشر شفاة بابلي جم 3.5 جرام | C4: 43200018 | D4: Bubblzz | E4: Lip Scrub | F4: regular | G4: 4.5 | H4: 3.5
B5: بابلز مقشر شفاة خوخ 3.5 جرام | C5: 43200019 | D5: Bubblzz | E5: Lip Scrub | F5: regular | G5: 4.5 | H5: 3.5
B6: بابلز مقشر شفاة اناناس 3.5 جرام | C6: 43200020 | D6: Bubblzz | E6: Lip Scrub | F6: regular | G6: 4.5 | H6: 3.5
B7: بابلز مقشر شفاة جوز الهند 3.5 جرام | C7: 43200021 | D7: Bubblzz | E7: Lip Scrub | F7: regular | G7: 4.5 | H7: 3.5
B8: بابلز مقشر شفاة فراولة 3.5 جرام | C8: 43200022 | D8: Bubblzz | E8: Lip Scrub | F8: regular | G8: 4.5 | H8: 3.5
B9: Care & More LipBalm Strawberries 3.5 gm | C9: 41850001 | D9: Care & More | E9: Lip Balm | F9: regular | G9: 3.8 | H9: 3.5
B10: Care & More LipBalm Roses 3.5 gm | C10: 41850002 | D10: Care & More | E10: Lip Balm | F10: regular | G10: 3.8 | H10: 3.5
B11: Care & More LipBalm Coconut 3.5 gm | C11: 41850003 | D11: Care & More | E11: Lip Balm | F11: regular | G11: 3.8 | H11: 3.5
B12: اسبير رول اون الوفيرا 60 مل (استاند 2 قطعه) | C12: 40210004 | D12: Spire | E12: Roll On | F12: regular | G12: 60 | H12: 60
B13: اسبير رول اون بابايا 60 مل (استاند 2 قطعه) | C13: 40210005 | D13: Spire | E13: Roll On | F13: regular | G13: 60 | H13: 60
B14: اسبير رول اون شيري 60 مل (استاند 2 قطعه) | C14: 40210006 | D14: Spire | E14: Roll On | F14: regular | G14: 60 | H14: 60
B15: اسبير رول اون بابايا 60 مل | C15: 40210002 | D15: Spire | E15: Roll On | F15: regular | G15: 60 | H15: 60
... B59: كير اند مور شامبو كيراتين وبروتين 10 جرام تصدير | C59: 41810022 | D59: Care & More | E59: Shampoo | F59: export | G59: 10 | H59: 10
B60: حتة جلورى كستنائى | C60: 40200004 | D60: Glory | E60: Henna | F60: regular | H60: 10
B61: جلورى حنة بورجاندى | C61: 40200006 | D61: Glory | E61: Henna | F61: regular | H61: 10
B62: جلورى حنة اسود | C62: 40200001 | D62: Glory | E62: Henna | F62: regular | H62: 10
B63: جلورى حنة بني فاتح | C63: 40200002 | D63: Glory | E63: Henna | F63: regular | H63: 10
B64: جلورى حنة بني | C64: 40200003 | D64: Glory | E64: Henna | F64: regular | H64: 10
B65: جلورى حنة ماهوجنى | C65: 40200005 | D65: Glory | E65: Henna | F65: regular | H65: 10
B66: جلورى اسود مزرق | C66: 40200007 | D66: Glory | E66: Henna | F66: regular | H66: 10
B67: جلورى احمر متوهج | C67: 40200008 | D67: Glory | E67: Henna | F67: regular | H67: 10
B68: جلورى اسود رجالى | C68: 40200009 | D68: Glory | E68: Henna | F68: regular | H68: 10
B69: جلورى بنى رجالى | C69: 40200010 | D69: Glory | E69: Henna | F69: regular | H69: 10
B70: جلورى احمر | C70: 40200011 | D70: Glory | E70: Henna | F70: regular | H70: 10
B71: فيبكس كلاسيك 10 جم الشكل الجديد | C71: 40740027 | D71: Vebix | E71: Cream | F71: regular | G71: 9 | H71: 10
B72: فيبكس رجالي 10 جم الشكل الجديد | C72: 40740028 | D72: Vebix | E72: Cream | F72: regular | G72: 9 | H72: 10
B73: فيبكس حريمي 10 جم الشكل الجديد | C73: 40740029 | D73: Vebix | E73: Cream | F73: regular | G73: 9 | H73: 10
B74: Vebix Classic T.10gm | C74: 40740001 | D74: Vebix | E74: Cream | F74: regular | G74: 9 | H74: 10
B75: Vebix Blue active T.10gm | C75: 40740002 | D75: Vebix | E75: Cream | F75: regular | G75: 9 | H75: 10
B76: Vebix Mystic T.10gm | C76: 40740003 | D76: Vebix | E76: Cream | F76: regular | G76: 9 | H76: 10
B77: شيف كود ازرق جيل حلاقه شفاف للبشره العاديه 10 مل | C77: 40530012 | D77: Shave Code | E77: Gel | F77: regular | G77: 10 | H77: 10
B78: مان زون فايبر جيل ويت لوك 10 مل | C78: 41500013 | D78: Man-Zone | E78: Fiber Gel | F78: Sachet | G78: 10 | H78: 10
B79: Braes Dry Oil Glazed Peach bottle+Dropper 50ml | C79: 40111001 | D79: Braes | E79: Dry oil | F79: regular | G79: 50 | H79: 50
B80: Braes Dry Oil Watermelon Sorbet bottle+Dropper 50ml | C80: 40111002 | D80: Braes | E80: Dry oil | F80: regular | G80: 50 | H80: 50
B81: Breas Dry Oil Tropical Mango&Peach 50 ml | C81: 40111003 | D81: Braes | E81: Dry oil | F81: regular | G81: 50 | H81: 50
B82: Braes Dry Oil Glazed Peach bottle+Dropper 20ml | C82: 40111004 | D82: Braes | E82: Dry oil | F82: regular | G82: 20 | H82: 20
... B574: تريو شامبو الحبة السوداء 1 لتر تصدير | C574: 42010001 | D574: Trio | E574: Shampoo | F574: export | G574: 1000 | H574: 1000

Sheet الاعطال متكررة
B3: MC | C3: Total actual mins | D3: Bulk delay | E3: Changeover | F3: PM defect | G3: Bulk defect | H3: No stock (Planning) | I3: WH delay | J3: MC Weight issue | K3: QC approve delay | L3: Pre-work delay | M3: Total | N3: Stoppages %
B4: Nordon | C4: 2160 | D4: 188 | E4: 235 | L4: 128 | M4: =SUM(D4:L4) -> 551 | N4: =M4/C4 -> 0.25509259
B5: Kalix | C5: =2160-220 -> 1940 | D5: 510 | M5: =SUM(D5:L5) -> 510 | N5: =M5/C5 -> 0.2628866
B6: Cream 1 | C6: 2160 | F6: =360+360 -> 720 | H6: 130 | I6: =360+180 -> 540 | M6: =SUM(D6:L6) -> 1390 | N6: =M6/C6 -> 0.64351852
B7: 4 Nozzole | C7: 2160 | D7: =195+360 -> 555 | F7: 123 | M7: =SUM(D7:L7) -> 678 | N7: =M7/C7 -> 0.31388889
B8: Cream 2 | C8: 2160 | I8: 160 | J8: =2*360 -> 720 | M8: =SUM(D8:L8) -> 880 | N8: =M8/C8 -> 0.40740741
B9: 6 Nozzole | C9: 2160 | E9: 305 | L9: 215 | M9: =SUM(D9:L9) -> 520 | N9: =M9/C9 -> 0.24074074
B10: Total | C10: =SUM(C4:C9) -> 12740 | D10: =SUM(D4:D9) -> 1253 | E10: =SUM(E4:E9) -> 540 | F10: =SUM(F4:F9) -> 843 | G10: =SUM(G4:G9) -> 0 | H10: =SUM(H4:H9) -> 130 | I10: =SUM(I4:I9) -> 700 | J10: =SUM(J4:J9) -> 720 | ... M10: =SUM(M4:M9) -> 4529 | N10: =M10/C10 -> 0.35549451

Sheet Perfum+Toner
C1: =SUM(C4:C20) -> 0 | D1: =SUM(D4:D20) -> 0 | E1: =SUM(E4:E20) -> 0 | F1: =SUM(F4:F20) -> 0 | G1: =SUM(G4:G20) -> 1008 | H1: =SUM(H4:H20) -> 2160 | I1: =SUM(I4:I20) -> 0 | J1: =SUM(J4:J20) -> 1944 | ... AE1: =SUM(AE4:AE20) -> 0 | AG1: =SUM(AG4:AG20) -> 0 | AH1: =SUM(AH4:AH20) -> 5496
A2: Date | B2: Date | C2: 45717 | D2: 45718 | E2: 45719 | F2: 45720 | G2: 45721 | H2: 45722 | I2: 45723 | J2: 45724 | K2: 45725 | L2: 45726 | M2: 45727 | N2: 45728 | O2: 45729 | P2: 45730 | Q2: 45731 | R2: 45732 | S2: 45733 | T2: 45734 | U2: 45735 | V2: 45736 | W2: 45737 | X2: 45738 | Y2: 45739 | Z2: 45740 | AA2: 45741 | AB2: 45742 | AC2: 45743 | AD2: 45744 | AE2: 45745 | AF2: 45746 | AG2: 45747
A3: Item code | B3: Item description | C3: السبت | D3: الاحد | E3: الاثنين | F3: الثلاثاء | G3: الاربعاء | H3: الخميس | I3: الجمعة | J3: السبت | K3: الاحد | L3: الاثنين | M3: الثلاثاء | N3: الاربعاء | O3: الخميس | P3: الجمعة | Q3: السبت | R3: الاحد | S3: الاثنين | T3: الثلاثاء | U3: الاربعاء | V3: الخميس | W3: الجمعة | X3: السبت | Y3: الاحد | Z3: الاثنين | AA3: الثلاثاء | AB3: الاربعاء | AC3: الخميس | AD3: الجمعة | AE3: السبت | AF3: الاحد | AG3: الاثنين
A4: =VLOOKUP(B4,#REF!,2,FALSE) -> #REF! | B4: كير اند مور تونر للوجه للبشره الدهنيه بالصبار 150مل | G4: 1008 | H4: 2160 | J4: 1008 | AH4: =SUM(C4:AG4) -> 4176 | AI4: =COUNT(C4:AG4) -> 3
A5: =VLOOKUP(B5,#REF!,2,FALSE) -> #REF! | B5: كير اند مور تونر للوجه للبشره الجافة والعادية بماء الورد 150مل | J5: 936 | K5: 384 | AH5: =SUM(C5:AG5) -> 1320 | AI5: =COUNT(C5:AG5) -> 2
A6: =VLOOKUP(B6,#REF!,2,FALSE) -> #REF! | AH6: =SUM(C6:AG6) -> 0 | AI6: =COUNT(C6:AG6) -> 0
A7: =VLOOKUP(B7,#REF!,2,FALSE) -> #REF! | AH7: =SUM(C7:AG7) -> 0 | AI7: =COUNT(C7:AG7) -> 0
A8: =VLOOKUP(B8,#REF!,2,FALSE) -> #REF! | AH8: =SUM(C8:AG8) -> 0 | AI8: =COUNT(C8:AG8) -> 0
A9: =VLOOKUP(B9,#REF!,2,FALSE) -> #REF! | AH9: =SUM(C9:AG9) -> 0 | AI9: =COUNT(C9:AG9) -> 0
A10: =VLOOKUP(B10,#REF!,2,FALSE) -> #REF! | AH10: =SUM(C10:AG10) -> 0 | AI10: =COUNT(C10:AG10) -> 0
A11: =VLOOKUP(B11,#REF!,2,FALSE) -> #REF! | AH11: =SUM(C11:AG11) -> 0 | AI11: =COUNT(C11:AG11) -> 0
A12: =VLOOKUP(B12,#REF!,2,FALSE) -> #REF! | AH12: =SUM(C12:AG12) -> 0 | AI12: =COUNT(C12:AG12) -> 0
A13: =VLOOKUP(B13,#REF!,2,FALSE) -> #REF! | AH13: =SUM(C13:AG13) -> 0 | AI13: =COUNT(C13:AG13) -> 0
A14: =VLOOKUP(B14,#REF!,2,FALSE) -> #REF! | AH14: =SUM(C14:AG14) -> 0 | AI14: =COUNT(C14:AG14) -> 0
A15: =VLOOKUP(B15,#REF!,2,FALSE) -> #REF! | AH15: =SUM(C15:AG15) -> 0 | AI15: =COUNT(C15:AG15) -> 0
A16: =VLOOKUP(B16,#REF!,2,FALSE) -> #REF! | AH16: =SUM(C16:AG16) -> 0 | AI16: =COUNT(C16:AG16) -> 0
A17: =VLOOKUP(B17,#REF!,2,FALSE) -> #REF! | AH17: =SUM(C17:AG17) -> 0 | AI17: =COUNT(C17:AG17) -> 0
... A20: =VLOOKUP(B20,#REF!,2,FALSE) -> #REF! | AH20: =SUM(C20:AG20) -> 0 | AI20: =COUNT(C20:AG20) -> 0
B21: التوالف | C21: =SUM(C22:C30) -> 0 | D21: =SUM(D22:D30) -> 0 | E21: =SUM(E22:E30) -> 0 | F21: =SUM(F22:F30) -> 0 | G21: =SUM(G22:G30) -> 0 | H21: =SUM(H22:H30) -> 0 | I21: =SUM(I22:I30) -> 0 | J21: =SUM(J22:J30) -> 0 | ... AE21: =SUM(AE22:AE30) -> 0 | AG21: =SUM(AG22:AG30) -> 0 | AH21: =SUM(C21:AG21) -> 0
B22: عبوات (مورد) | AH22: =SUM(C22:AG22) -> 0 | AI22: =COUNT(C22:AG22) -> 0
AH23: =SUM(C23:AG23) -> 0 | AI23: =COUNT(C23:AG23) -> 0
AH24: =SUM(C24:AG24) -> 0 | AI24: =COUNT(C24:AG24) -> 0
AH25: =SUM(C25:AG25) -> 0 | AI25: =COUNT(C25:AG25) -> 0
B26: عبوات (تشغيل) | AH26: =SUM(C26:AG26) -> 0 | AI26: =COUNT(C26:AG26) -> 0
AH27: =SUM(C27:AG27) -> 0 | AI27: =COUNT(C27:AG27) -> 0
AH28: =SUM(C28:AG28) -> 0 | AI28: =COUNT(C28:AG28) -> 0
AH29: =SUM(C29:AG29) -> 0 | AI29: =COUNT(C29:AG29) -> 0
AH30: =SUM(C30:AG30) -> 0 | AI30: =COUNT(C30:AG30) -> 0
B31: Unplanned downtime | C31: =SUM(C34:C91) -> 0 | D31: =SUM(D33:D91) -> 0 | E31: =SUM(E33:E91) -> 0 | F31: =SUM(F33:F91) -> 0 | G31: =SUM(G33:G91) -> 195 | H31: =SUM(H33:H91) -> 35 | I31: =SUM(I33:I91) -> 0 | J31: =SUM(J33:J91) -> 77 | K31: =SUM(K33:K91) -> 0 | ... AE31: =SUM(AE33:AE91) -> 0 | AG31: =SUM(AG33:AG91) -> 0 | AH31: =SUM(C31:AD31) -> 307
A32: =SUM(AH33:AH51) -> 0 | B32: اعطال الصيانة | AH32: =SUM(C32:AG32) -> 0 | AI32: =COUNT(C32:AG32) -> 0
B33: مشكلة فى النزل | AH33: =SUM(C33:AG33) -> 0 | AI33: =COUNT(C33:AG33) -> 0
B34: مشكلة فى الكامة | AH34: =SUM(C34:AG34) -> 0 | AI34: =COUNT(C34:AG34) -> 0
B35: ضبط الميزان | AH35: =SUM(C35:AG35) -> 0 | AI35: =COUNT(C35:AG35) -> 0
B36: مشكلة فى المكبس | AH36: =SUM(C36:AG36) -> 0 | AI36: =COUNT(C36:AG36) -> 0
B37: تسريب الخامة من العبوات | AH37: =SUM(C37:AG37) -> 0 | AI37: =COUNT(C37:AG37) -> 0
B38: مشكة فى ضغط العبوات (اللحام) | AH38: =SUM(C38:AG38) -> 0 | AI38: =COUNT(C38:AG38) -> 0
B39: مشكلة فى السخانات | AH39: =SUM(C39:AG39) -> 0 | AI39: =COUNT(C39:AG39) -> 0
B40: ضبط الكاميرا | AH40: =SUM(C40:AG40) -> 0 | AI40: =COUNT(C40:AG40) -> 0
B41: تغيير حجم المنتج على الماكينة | AH41: =SUM(C41:AG41) -> 0 | AI41: =COUNT(C41:AG41) -> 0
B42: بلف هواء السخان | AH42: =SUM(C42:AG42) -> 0 | AI42: =COUNT(C42:AG42) -> 0
B43: مشكله في ضغط الهواء | AH43: =SUM(C43:AG43) -> 0 | AI43: =COUNT(C43:AG43) -> 0
B44: ضبط اعدادات الماكينة | AH44: =SUM(C44:AG44) -> 0 | AI44: =COUNT(C44:AG44) -> 0
... B51: تغيير O ring | AH51: =SUM(C51:AG51) -> 0 | AI51: =COUNT(C51:AG51) -> 0
A52: =SUM(AH53:AH70) -> 282 | B52: اعطال الانتاج | AH52: =SUM(C52:AG52) -> 0 | AI52: =COUNT(C52:AG52) -> 0
B53: ضبط الميزان | AH53: =SUM(C53:AG53) -> 0 | AI53: =COUNT(C53:AG53) -> 0
B54: اعطال النقل من مكان لاخر | AH54: =SUM(C54:AG54) -> 0 | AI54: =COUNT(C54:AG54) -> 0
B55: عمال غير مدربة | AH55: =SUM(C55:AG55) -> 0 | AI55: =COUNT(C55:AG55) -> 0
B56: تنظيف الماكينة | G56: 5 | H56: 10 | AH56: =SUM(C56:AG56) -> 15 | AI56: =COUNT(C56:AG56) -> 2
B57: تنظيف سير نقل المنتج | AH57: =SUM(C57:AG57) -> 0 | AI57: =COUNT(C57:AG57) -> 0
B58: الوقوف على العبوات المجهزة | J58: 15 | AH58: =SUM(C58:AG58) -> 15 | AI58: =COUNT(C58:AG58) -> 1
B59: تأخير صرف المستلزمات | J59: 22 | AH59: =SUM(C59:AG59) -> 22 | AI59: =COUNT(C59:AG59) -> 1
B60: عدم وجود عمالة كافية | AH60: =SUM(C60:AG60) -> 0 | AI60: =COUNT(C60:AG60) -> 0
B61: اعطال التعقيم | AH61: =SUM(C61:AG61) -> 0 | AI61: =COUNT(C61:AG61) -> 0
B62: تغيير التانك | AH62: =SUM(C62:AG62) -> 0 | AI62: =COUNT(C62:AG62) -> 0
B63: تعبئة | AH63: =SUM(C63:AG63) -> 0 | AI63: =COUNT(C63:AG63) -> 0
B64: اعطال خط التغليف | AH64: =SUM(C64:AG64) -> 0 | AI64: =COUNT(C64:AG64) -> 0
B65: مشكلة فى التغليف (الشرنك) | AH65: =SUM(C65:AG65) -> 0 | AI65: =COUNT(C65:AG65) -> 0
B66: التغيير من منتج لمنتج اخر | J66: 40 | AH66: =SUM(C66:AG66) -> 40 | AI66: =COUNT(C66:AG66) -> 1
B67: تغيير حجم المنتج على الماكينة | AH67: =SUM(C67:AG67) -> 0 | AI67: =COUNT(C67:AG67) -> 0
B68: مشاكل ضخ الخامة | G68: =120+70 -> 190 | AH68: =SUM(C68:AG68) -> 190 | AI68: =COUNT(C68:AG68) -> 1
B69: فصل كهرباء الماكينة | AH69: =SUM(C69:AG69) -> 0 | AI69: =COUNT(C69:AG69) -> 0
AH70: =SUM(C70:AG70) -> 0 | AI70: =COUNT(C70:AG70) -> 0
A71: =SUM(AH72:AH74) -> 0 | B71: أعطال التخطيط | AH71: =SUM(C71:AG71) -> 0 | AI71: =COUNT(C71:AG71) -> 0
B72: الوقوف على المستلزمات | AH72: =SUM(C72:AG72) -> 0 | AI72: =COUNT(C72:AG72) -> 0
AH73: =SUM(C73:AG73) -> 0 | AI73: =COUNT(C73:AG73) -> 0
AH74: =SUM(C74:AG74) -> 0 | AI74: =COUNT(C74:AG74) -> 0
A75: =SUM(AH76:AH78) -> 25 | B75: أعطال التخطيط | AH75: =SUM(C75:AG75) -> 0 | AI75: =COUNT(C75:AG75) -> 0
B76: الوقوف على المستلزمات | AH76: =SUM(C76:AG76) -> 0 | AI76: =COUNT(C76:AG76) -> 0
B77: مشكلة فى صرف الاصناف | H77: 25 | AH77: =SUM(C77:AG77) -> 25 | AI77: =COUNT(C77:AG77) -> 1
A78: =SUM(AH79:AH85) -> 0 | B78: أعطال الجودة | AH78: =SUM(C78:AG78) -> 0 | AI78: =COUNT(C78:AG78) -> 0
B79: مشكلة فى العبوات | AH79: =SUM(C79:AG79) -> 0 | AI79: =COUNT(C79:AG79) -> 0
B80: مشكلة فى الخامة | AH80: =SUM(C80:AG80) -> 0 | AI80: =COUNT(C80:AG80) -> 0
B81: مشكلة فى السليف | AH81: =SUM(C81:AG81) -> 0 | AI81: =COUNT(C81:AG81) -> 0
B82: مشكلة فى الاستيكر | AH82: =SUM(C82:AG82) -> 0 | AI82: =COUNT(C82:AG82) -> 0
B83: تأخير محضر فحص | AH83: =SUM(C83:AG83) -> 0 | AI83: =COUNT(C83:AG83) -> 0
AH84: =SUM(C84:AG84) -> 0 | AI84: =COUNT(C84:AG84) -> 0
AH85: =SUM(C85:AG85) -> 0 | AI85: =COUNT(C85:AG85) -> 0
A86: =SUM(AH87:AH91) -> 0 | B86: أعطال التصنيع | AH86: =SUM(C86:AG86) -> 0 | AI86: =COUNT(C86:AG86) -> 0
B87: الوقوف على الخامة | AH87: =SUM(C87:AG87) -> 0 | AI87: =COUNT(C87:AG87) -> 0
B88: مشكلة فى الخامة | AH88: =SUM(C88:AG88) -> 0 | AI88: =COUNT(C88:AG88) -> 0
B89: وجود فوم فى الخامة | AH89: =SUM(C89:AG89) -> 0 | AI89: =COUNT(C89:AG89) -> 0
AH90: =SUM(C90:AG90) -> 0 | AI90: =COUNT(C90:AG90) -> 0
AH91: =SUM(C91:AG91) -> 0 | AI91: =COUNT(C91:AG91) -> 0
B92: عدد العمال المطلوب | AH92: =SUM(C92:AG92) -> 0
B93: عدد العمال الفعلى | AH93: =SUM(C93:AG93) -> 0
B94: مدة الوردية بالساعة | G94: 6 | H94: 6 | J94: 6 | K94: 6 | AH94: =SUM(C94:AG94) -> 24
B95: الوقت الاضافى | AH95: =SUM(C95:AD95) -> 0
B96: اجمالى الورديات بالدقيقة | C96: =(C94*60)+C95 -> 0 | D96: =(D94*60)+D95 -> 0 | E96: =(E94*60)+E95 -> 0 | F96: =(F94*60)+F95 -> 0 | G96: =(G94*60)+G95 -> 360 | H96: =(H94*60)+H95 -> 360 | I96: =(I94*60)+I95 -> 0 | J96: =(J94*60)+J95 -> 360 | ... AE96: =(AE94*60)+AE95 -> 0 | AG96: =(AG94*60)+AG95 -> 0 | AH96: =SUM(C96:AG96) -> 1440 | AI96: =AH96-AH97 -> 1140
B97: اجمالى الاعطال المخططة | C97: =SUM(C98:C100) -> 0 | D97: =SUM(D98:D100) -> 0 | E97: =SUM(E98:E100) -> 0 | F97: =SUM(F98:F100) -> 0 | G97: =SUM(G98:G100) -> 0 | H97: =SUM(H98:H100) -> 0 | I97: =SUM(I98:I100) -> 0 | J97: =SUM(J98:J100) -> 0 | ... AE97: =SUM(AE98:AE100) -> 0 | AG97: =SUM(AG98:AG100) -> 0 | AH97: =SUM(C97:AG97) -> 300
B98: الاعطال المخططة/بداية التشغيل | K98: 300 | AH98: =SUM(C98:AG98) -> 300
B99: الراحة | AH99: =SUM(C99:AG99) -> 0
B100: انتهاء امر الانتاج | AH100: =SUM(C100:AG100) -> 0
B101: سرعة الماكينة المحسوبة | G101: 8 | H101: 8 | J101: 8 | K101: 8 | AH101: =AVERAGE(C101:AG101) -> 8
B102: السرعه الفعلية للماكينة | G102: =SUM(G4:G21)/(G96-G97-G31) -> 6.1090909 | H102: =SUM(H4:H21)/(H96-H97-H31) -> 6.6461538 | J102: =SUM(J4:J21)/(J96-J97-J31) -> 6.869258 | K102: =SUM(K4:K21)/(K96-K97-K31) -> 6.4 | AH102: =AVERAGE(C102:AG102) -> 6.5061257
B103: Availability | G103: =((G96-G97)-G31)/(G96-G97) -> 0.45833333 | H103: =((H96-H97)-H31)/(H96-H97) -> 0.90277778 | J103: =((J96-J97)-J31)/(J96-J97) -> 0.78611111 | K103: =((K96-K97)-K31)/(K96-K97) -> 1 | AH103: =AVERAGE(C103:AG103) -> 0.78680556
B104: Performance | G104: =((SUM(G4:G21)/(G96-G97-G31))/G101) -> 0.76363636 | H104: =((SUM(H4:H21)/(H96-H97-H31))/H101) -> 0.83076923 | J104: =((SUM(J4:J21)/(J96-J97-J31))/J101) -> 0.85865724 | K104: =((SUM(K4:K21)/(K96-K97-K31))/K101) -> 0.8 | AH104: =AVERAGE(C104:AG104) -> 0.81326571
B105: Quality | G105: =SUM(G4:G13)/(SUM(G4:G21)) -> 1 | H105: =SUM(H4:H13)/(SUM(H4:H21)) -> 1 | J105: =SUM(J4:J13)/(SUM(J4:J21)) -> 1 | K105: =SUM(K4:K13)/(SUM(K4:K21)) -> 1 | AH105: =AVERAGE(C105:AG105) -> 1
B106: OEE | G106: =G105*G104*G103 -> 0.35 | H106: =H105*H104*H103 -> 0.75 | J106: =J105*J104*J103 -> 0.675 | K106: =K105*K104*K103 -> 0.8 | AH106: =AVERAGE(C106:AG106) -> 0.64375
D244: Para Cream Gold EN 140 ML
D245: Para Cream Gold EN 140 ML old desine
...
